MeasurementStartTime,MeasuredValue
9/1/2025 0:00,43
9/1/2025 1:00,42
9/1/2025 2:00,42
9/1/2025 3:00,41
9/1/2025 4:00,40
9/1/2025 5:00,33
9/1/2025 6:00,14
9/1/2025 7:00,7
9/1/2025 8:00,3
9/1/2025 9:00,2
9/1/2025 10:00,2
9/1/2025 11:00,2
9/1/2025 12:00,3
9/1/2025 13:00,3
9/1/2025 14:00,3
9/1/2025 15:00,3
9/1/2025 16:00,3
9/1/2025 17:00,3
9/1/2025 18:00,3
9/1/2025 19:00,3
9/1/2025 20:00,2
9/1/2025 21:00,2
9/1/2025 22:00,2
9/1/2025 23:00,1
9/2/2025 0:00,0
9/2/2025 1:00,0
9/2/2025 2:00,0
9/2/2025 3:00,0
9/2/2025 4:00,0
9/2/2025 5:00,0
9/2/2025 6:00,0
9/2/2025 7:00,0
9/2/2025 8:00,0
9/2/2025 9:00,0
9/2/2025 10:00,0
9/2/2025 11:00,0
9/2/2025 12:00,0
9/2/2025 13:00,0
9/2/2025 14:00,0
9/2/2025 15:00,0
9/2/2025 16:00,0
9/2/2025 17:00,0
9/2/2025 18:00,0
9/2/2025 19:00,0
9/2/2025 20:00,0
9/2/2025 21:00,0
9/2/2025 22:00,0
9/2/2025 23:00,0
9/3/2025 0:00,0
9/3/2025 1:00,0
9/3/2025 2:00,0
9/3/2025 4:00,0
9/3/2025 5:00,0
9/3/2025 6:00,0
9/3/2025 7:00,0
9/3/2025 8:00,0
9/3/2025 9:00,2
9/3/2025 10:00,3
9/3/2025 11:00,3
9/3/2025 12:00,3
9/3/2025 13:00,3
9/3/2025 14:00,4
9/3/2025 15:00,3
9/3/2025 16:00,3
9/3/2025 17:00,3
9/3/2025 18:00,3
9/3/2025 19:00,2
9/3/2025 20:00,2
9/3/2025 21:00,1
9/3/2025 22:00,1
9/3/2025 23:00,0
9/4/2025 0:00,0
9/4/2025 1:00,0
9/4/2025 2:00,0
9/4/2025 3:00,0
9/4/2025 4:00,0
9/4/2025 5:00,0
9/4/2025 6:00,0
9/4/2025 7:00,0
9/4/2025 8:00,0
9/4/2025 9:00,0
9/4/2025 10:00,1
9/4/2025 11:00,2
9/4/2025 16:00,0
9/4/2025 17:00,0
9/4/2025 18:00,0
9/4/2025 19:00,0
9/4/2025 20:00,0
9/4/2025 21:00,0
9/4/2025 22:00,0
9/4/2025 23:00,0
9/5/2025 0:00,0
9/5/2025 1:00,0
9/5/2025 2:00,0
9/5/2025 3:00,0
9/5/2025 4:00,0
9/5/2025 5:00,0
9/5/2025 6:00,0
9/5/2025 7:00,0
9/5/2025 8:00,0
9/5/2025 9:00,0
9/5/2025 10:00,1
9/5/2025 11:00,2
9/5/2025 12:00,2
9/5/2025 13:00,2
9/5/2025 14:00,2
9/5/2025 15:00,2
9/5/2025 16:00,2
9/5/2025 17:00,2
9/5/2025 18:00,1
9/5/2025 19:00,0
9/5/2025 20:00,0
9/5/2025 21:00,0
9/5/2025 22:00,0
9/5/2025 23:00,0
9/6/2025 0:00,0
9/6/2025 1:00,0
9/6/2025 2:00,0
9/6/2025 3:00,0
9/6/2025 4:00,0
9/6/2025 5:00,0
9/6/2025 6:00,0
9/6/2025 7:00,0
9/6/2025 8:00,0
9/6/2025 9:00,0
9/6/2025 10:00,0
9/6/2025 11:00,2
9/6/2025 12:00,2
9/6/2025 13:00,2
9/6/2025 14:00,2
9/6/2025 15:00,2
9/6/2025 16:00,2
9/6/2025 17:00,1
9/6/2025 18:00,0
9/6/2025 19:00,0
9/6/2025 20:00,0
9/6/2025 21:00,0
9/6/2025 22:00,0
9/6/2025 23:00,0
9/7/2025 0:00,0
9/7/2025 1:00,0
9/7/2025 2:00,0
9/7/2025 3:00,0
9/7/2025 4:00,0
9/7/2025 5:00,0
9/7/2025 6:00,0
9/7/2025 7:00,0
9/7/2025 8:00,0
9/7/2025 9:00,0
9/7/2025 10:00,1
9/7/2025 11:00,2
9/7/2025 12:00,2
9/7/2025 13:00,3
9/7/2025 14:00,3
9/7/2025 15:00,3
9/7/2025 16:00,3
9/7/2025 17:00,17
9/7/2025 18:00,29
9/7/2025 19:00,35
9/7/2025 20:00,37
9/7/2025 21:00,38
9/7/2025 22:00,39
9/7/2025 23:00,38
9/8/2025 0:00,38
9/8/2025 1:00,37
9/8/2025 2:00,37
9/8/2025 3:00,36
9/8/2025 4:00,37
9/8/2025 5:00,14
9/8/2025 6:00,6
9/8/2025 7:00,3
9/8/2025 8:00,3
9/8/2025 9:00,3
9/8/2025 10:00,3
9/8/2025 11:00,3
9/8/2025 12:00,4
9/8/2025 13:00,4
9/8/2025 14:00,4
9/8/2025 15:00,4
9/8/2025 16:00,4
9/8/2025 17:00,4
9/8/2025 18:00,3
9/8/2025 19:00,3
9/8/2025 20:00,2
9/8/2025 21:00,2
9/8/2025 22:00,1
9/8/2025 23:00,1
9/9/2025 0:00,1
9/9/2025 1:00,0
9/9/2025 2:00,0
9/9/2025 3:00,0
9/9/2025 4:00,0
9/9/2025 5:00,1
9/9/2025 6:00,2
9/9/2025 7:00,3
9/9/2025 8:00,3
9/9/2025 9:00,4
9/9/2025 10:00,4
9/9/2025 11:00,5
9/9/2025 12:00,5
9/9/2025 13:00,5
9/9/2025 14:00,6
9/9/2025 15:00,6
9/9/2025 16:00,6
9/9/2025 17:00,5
9/9/2025 18:00,5
9/9/2025 19:00,4
9/9/2025 20:00,4
9/9/2025 21:00,3
9/9/2025 22:00,3
9/9/2025 23:00,3
9/10/2025 0:00,2
9/10/2025 1:00,2
9/10/2025 2:00,2
9/10/2025 3:00,2
9/10/2025 4:00,1
9/10/2025 5:00,0
9/10/2025 6:00,0
9/10/2025 7:00,1
9/10/2025 8:00,2
9/10/2025 9:00,3
9/10/2025 10:00,4
9/10/2025 11:00,4
9/10/2025 12:00,5
9/10/2025 13:00,5
9/10/2025 14:00,5
9/10/2025 15:00,5
9/10/2025 16:00,4
9/10/2025 17:00,3
9/10/2025 18:00,3
9/10/2025 19:00,2
9/10/2025 20:00,2
9/10/2025 21:00,2
9/10/2025 22:00,2
9/10/2025 23:00,2
9/11/2025 0:00,2
9/11/2025 1:00,2
9/11/2025 2:00,1
9/11/2025 3:00,2
9/11/2025 4:00,2
9/11/2025 5:00,1
9/11/2025 6:00,1
9/11/2025 7:00,2
9/11/2025 8:00,3
9/11/2025 9:00,3
9/11/2025 10:00,4
9/11/2025 11:00,4
9/11/2025 12:00,5
9/11/2025 13:00,5
9/11/2025 14:00,5
9/11/2025 15:00,5
9/11/2025 16:00,5
9/11/2025 17:00,5
9/11/2025 18:00,4
9/11/2025 19:00,3
9/11/2025 20:00,2
9/11/2025 21:00,2
9/11/2025 22:00,1
9/11/2025 23:00,1
9/12/2025 0:00,1
9/12/2025 1:00,1
9/12/2025 2:00,1
9/12/2025 3:00,1
9/12/2025 4:00,0
9/12/2025 5:00,0
9/12/2025 6:00,0
9/12/2025 7:00,1
9/12/2025 8:00,2
9/12/2025 9:00,3
9/12/2025 10:00,4
9/12/2025 11:00,4
9/12/2025 12:00,5
9/12/2025 13:00,5
9/12/2025 14:00,5
9/12/2025 15:00,5
9/12/2025 16:00,5
9/12/2025 17:00,4
9/12/2025 18:00,4
9/12/2025 19:00,3
9/12/2025 20:00,3
9/12/2025 21:00,2
9/12/2025 22:00,2
9/12/2025 23:00,2
9/13/2025 0:00,2
9/13/2025 1:00,1
9/13/2025 2:00,1
9/13/2025 3:00,0
9/13/2025 4:00,0
9/13/2025 5:00,0
9/13/2025 6:00,0
9/13/2025 7:00,1
9/13/2025 8:00,2
9/13/2025 9:00,3
9/13/2025 10:00,4
9/13/2025 11:00,4
9/13/2025 12:00,5
9/13/2025 13:00,5
9/13/2025 14:00,5
9/13/2025 15:00,5
9/13/2025 16:00,5
9/13/2025 17:00,5
9/13/2025 18:00,4
9/13/2025 19:00,4
9/13/2025 20:00,4
9/13/2025 21:00,4
9/13/2025 22:00,4
9/13/2025 23:00,4
9/14/2025 0:00,5
9/14/2025 1:00,6
9/14/2025 2:00,6
9/14/2025 3:00,6
9/14/2025 4:00,7
9/14/2025 5:00,4
9/14/2025 6:00,3
9/14/2025 7:00,1
9/14/2025 8:00,0
9/14/2025 9:00,2
9/14/2025 10:00,2
9/14/2025 11:00,3
9/14/2025 12:00,4
9/14/2025 13:00,4
9/14/2025 14:00,4
9/14/2025 15:00,4
9/14/2025 16:00,4
9/14/2025 17:00,4
9/14/2025 18:00,4
9/14/2025 19:00,3
9/14/2025 20:00,5
9/14/2025 21:00,4
9/14/2025 22:00,8
9/14/2025 23:00,15
9/15/2025 0:00,15
9/15/2025 1:00,17
9/15/2025 2:00,16
9/15/2025 3:00,10
9/15/2025 4:00,3
9/15/2025 5:00,0
9/15/2025 6:00,0
9/15/2025 7:00,0
9/15/2025 8:00,0
9/15/2025 9:00,1
9/15/2025 10:00,2
9/15/2025 11:00,3
9/15/2025 12:00,4
9/15/2025 13:00,4
9/15/2025 14:00,4
9/15/2025 15:00,4
9/15/2025 16:00,4
9/15/2025 17:00,4
9/15/2025 18:00,4
9/15/2025 19:00,4
9/15/2025 20:00,3
9/15/2025 21:00,4
9/15/2025 22:00,3
9/15/2025 23:00,3
9/16/2025 0:00,3
9/16/2025 1:00,7
9/16/2025 2:00,11
9/16/2025 3:00,6
9/16/2025 4:00,3
9/16/2025 5:00,1
9/16/2025 6:00,0
9/16/2025 7:00,0
9/16/2025 8:00,0
9/16/2025 9:00,0
9/16/2025 10:00,2
9/16/2025 11:00,3
9/16/2025 12:00,3
9/16/2025 13:00,3
9/16/2025 14:00,3
9/16/2025 15:00,3
9/16/2025 16:00,3
9/16/2025 17:00,3
9/16/2025 18:00,2
9/16/2025 19:00,2
9/16/2025 20:00,0
9/16/2025 21:00,0
9/16/2025 22:00,0
9/16/2025 23:00,0
9/17/2025 0:00,0
9/17/2025 1:00,0
9/17/2025 2:00,0
9/17/2025 3:00,0
9/17/2025 4:00,0
9/17/2025 5:00,0
9/17/2025 6:00,0
9/17/2025 7:00,0
9/17/2025 8:00,0
9/17/2025 9:00,0
9/17/2025 10:00,0
9/17/2025 11:00,1
9/17/2025 12:00,2
9/17/2025 13:00,2
9/17/2025 14:00,1
9/17/2025 15:00,2
9/17/2025 16:00,2
9/17/2025 17:00,2
9/17/2025 18:00,1
9/17/2025 19:00,0
9/17/2025 20:00,0
9/17/2025 21:00,0
9/17/2025 22:00,0
9/17/2025 23:00,0
9/18/2025 0:00,0
9/18/2025 1:00,0
9/18/2025 2:00,0
9/18/2025 3:00,0
9/18/2025 4:00,0
9/18/2025 5:00,0
9/18/2025 6:00,0
9/18/2025 7:00,0
9/18/2025 8:00,0
9/18/2025 9:00,0
9/18/2025 10:00,0
9/18/2025 11:00,0
9/18/2025 12:00,0
9/18/2025 13:00,1
9/18/2025 14:00,0
9/18/2025 15:00,0
9/18/2025 16:00,0
9/18/2025 17:00,0
9/18/2025 19:00,0
9/18/2025 20:00,0
9/18/2025 21:00,0
9/18/2025 22:00,0
9/18/2025 23:00,0
9/19/2025 0:00,0
9/19/2025 1:00,0
9/19/2025 2:00,0
9/19/2025 3:00,0
9/19/2025 4:00,0
9/19/2025 5:00,0
9/19/2025 6:00,0
9/19/2025 7:00,0
9/19/2025 8:00,0
9/19/2025 9:00,0
9/19/2025 10:00,0
9/19/2025 11:00,0
9/19/2025 12:00,0
9/19/2025 13:00,0
9/19/2025 14:00,0
9/19/2025 15:00,0
9/19/2025 16:00,0
9/19/2025 17:00,0
9/19/2025 18:00,0
9/19/2025 19:00,0
9/19/2025 20:00,0
9/19/2025 21:00,0
9/19/2025 22:00,0
9/19/2025 23:00,0
9/20/2025 0:00,0
9/20/2025 1:00,0
9/20/2025 2:00,0
9/20/2025 3:00,0
9/20/2025 4:00,0
9/20/2025 5:00,0
9/20/2025 6:00,0
9/20/2025 7:00,0
9/20/2025 8:00,0
9/20/2025 9:00,1
9/20/2025 10:00,2
9/20/2025 11:00,2
9/20/2025 12:00,3
9/20/2025 13:00,3
9/20/2025 14:00,3
9/20/2025 15:00,3
9/20/2025 16:00,3
9/20/2025 17:00,3
9/20/2025 18:00,2
9/20/2025 19:00,1
9/20/2025 20:00,1
9/20/2025 21:00,2
9/20/2025 23:00,12
9/21/2025 0:00,13
9/21/2025 1:00,20
9/21/2025 2:00,21
9/21/2025 3:00,18
9/21/2025 4:00,16
9/21/2025 5:00,10
9/21/2025 6:00,7
9/21/2025 7:00,5
9/21/2025 8:00,3
9/21/2025 9:00,3
9/21/2025 10:00,2
9/21/2025 11:00,2
9/21/2025 12:00,1
9/21/2025 13:00,1
9/21/2025 14:00,1
9/21/2025 15:00,0
9/21/2025 16:00,3
9/21/2025 17:00,12
9/21/2025 18:00,12
9/21/2025 19:00,13
9/21/2025 20:00,15
9/21/2025 21:00,19
9/21/2025 22:00,12
9/21/2025 23:00,10
9/22/2025 0:00,11
9/22/2025 1:00,12
9/22/2025 2:00,14
9/22/2025 3:00,11
9/22/2025 4:00,2
9/22/2025 5:00,0
9/22/2025 6:00,0
9/22/2025 8:00,0
9/22/2025 9:00,0
9/22/2025 10:00,0
9/22/2025 11:00,0
9/22/2025 12:00,0
9/22/2025 13:00,0
9/22/2025 14:00,0
9/22/2025 15:00,0
9/22/2025 16:00,0
9/22/2025 17:00,0
9/22/2025 18:00,0
9/22/2025 19:00,0
9/22/2025 20:00,0
9/22/2025 21:00,0
9/22/2025 22:00,0
9/22/2025 23:00,0
9/23/2025 0:00,0
9/23/2025 1:00,0
9/23/2025 2:00,0
9/23/2025 3:00,0
9/23/2025 4:00,0
9/23/2025 5:00,0
9/23/2025 6:00,0
9/23/2025 7:00,0
9/23/2025 8:00,0
9/23/2025 9:00,0
9/23/2025 10:00,1
9/23/2025 11:00,2
9/23/2025 12:00,3
9/23/2025 13:00,3
9/23/2025 14:00,3
9/23/2025 15:00,3
9/23/2025 16:00,3
9/23/2025 17:00,3
9/23/2025 18:00,2
9/23/2025 19:00,2
9/23/2025 20:00,2
9/23/2025 21:00,1
9/23/2025 22:00,0
9/23/2025 23:00,0
9/24/2025 0:00,0
9/24/2025 1:00,0
9/24/2025 2:00,0
9/24/2025 3:00,0
9/24/2025 4:00,0
9/24/2025 5:00,0
9/24/2025 6:00,0
9/24/2025 7:00,0
9/24/2025 8:00,0
9/24/2025 9:00,2
9/24/2025 10:00,2
9/24/2025 11:00,3
9/24/2025 12:00,3
9/24/2025 13:00,3
9/24/2025 14:00,3
9/24/2025 15:00,3
9/24/2025 16:00,3
9/24/2025 17:00,3
9/24/2025 18:00,3
9/24/2025 19:00,2
9/24/2025 20:00,2
9/24/2025 21:00,1
9/24/2025 22:00,0
9/24/2025 23:00,0
9/25/2025 0:00,0
9/25/2025 1:00,0
9/25/2025 2:00,0
9/25/2025 3:00,0
9/25/2025 4:00,0
9/25/2025 5:00,0
9/25/2025 6:00,0
9/25/2025 7:00,0
9/25/2025 8:00,0
9/25/2025 9:00,1
9/25/2025 10:00,2
9/25/2025 11:00,3
9/25/2025 12:00,4
9/25/2025 13:00,4
9/25/2025 14:00,4
9/25/2025 15:00,4
9/25/2025 16:00,4
9/25/2025 17:00,3
9/25/2025 18:00,3
9/25/2025 19:00,1
9/25/2025 20:00,0
9/25/2025 21:00,0
9/25/2025 22:00,0
9/25/2025 23:00,0
9/26/2025 0:00,0
9/26/2025 1:00,0
9/26/2025 2:00,0
9/26/2025 3:00,0
9/26/2025 4:00,0
9/26/2025 5:00,0
9/26/2025 6:00,0
9/26/2025 7:00,0
9/26/2025 8:00,0
9/26/2025 9:00,1
9/26/2025 10:00,1
9/26/2025 11:00,2
9/26/2025 12:00,2
9/26/2025 13:00,2
9/26/2025 14:00,3
9/26/2025 15:00,3
9/26/2025 16:00,2
9/26/2025 17:00,2
9/26/2025 18:00,1
9/26/2025 19:00,0
9/26/2025 20:00,0
9/26/2025 21:00,0
9/26/2025 22:00,0
9/26/2025 23:00,0
9/27/2025 0:00,0
9/27/2025 1:00,0
9/27/2025 2:00,0
9/27/2025 3:00,0
9/27/2025 4:00,0
9/27/2025 5:00,0
9/27/2025 6:00,0
9/27/2025 7:00,0
9/27/2025 8:00,0
9/27/2025 9:00,0
9/27/2025 10:00,0
9/27/2025 11:00,0
9/27/2025 12:00,0
9/27/2025 13:00,1
9/27/2025 14:00,1
9/27/2025 15:00,1
9/27/2025 16:00,1
9/27/2025 17:00,0
9/27/2025 18:00,0
9/27/2025 19:00,0
9/27/2025 20:00,0
9/27/2025 21:00,0
9/27/2025 22:00,0
9/27/2025 23:00,0
9/28/2025 0:00,0
9/28/2025 1:00,0
9/28/2025 2:00,0
9/28/2025 3:00,0
9/28/2025 4:00,0
9/28/2025 5:00,0
9/28/2025 6:00,0
9/28/2025 7:00,0
9/28/2025 8:00,0
9/28/2025 9:00,0
9/28/2025 10:00,0
9/28/2025 11:00,1
9/28/2025 12:00,2
9/28/2025 13:00,2
9/28/2025 14:00,2
9/28/2025 15:00,2
9/28/2025 16:00,2
9/28/2025 17:00,0
9/28/2025 18:00,0
9/28/2025 19:00,0
9/28/2025 20:00,0
9/28/2025 21:00,0
9/28/2025 22:00,0
9/28/2025 23:00,0
9/29/2025 0:00,0
9/29/2025 1:00,0
9/29/2025 2:00,0
9/29/2025 3:00,0
9/29/2025 4:00,0
9/29/2025 5:00,0
9/29/2025 6:00,0
9/29/2025 7:00,0
9/29/2025 8:00,0
9/29/2025 9:00,0
9/29/2025 10:00,1
9/29/2025 11:00,2
9/29/2025 12:00,2
9/29/2025 13:00,3
9/29/2025 14:00,3
9/29/2025 15:00,2
9/29/2025 16:00,2
9/29/2025 17:00,1
9/29/2025 18:00,0
9/29/2025 19:00,0
9/29/2025 20:00,0
9/29/2025 21:00,0
9/29/2025 22:00,0
9/29/2025 23:00,0
9/30/2025 0:00,0
9/30/2025 1:00,0
9/30/2025 2:00,0
9/30/2025 3:00,0
9/30/2025 4:00,0
9/30/2025 5:00,0
9/30/2025 6:00,0
9/30/2025 7:00,0
9/30/2025 8:00,1
9/30/2025 9:00,2
9/30/2025 10:00,3
9/30/2025 11:00,3
9/30/2025 12:00,3
9/30/2025 13:00,4
9/30/2025 14:00,4
9/30/2025 15:00,4
9/30/2025 16:00,4
9/30/2025 18:00,3
9/30/2025 19:00,2
9/30/2025 20:00,2
9/30/2025 21:00,1
9/30/2025 22:00,1
9/30/2025 23:00,1
10/1/2025 0:00,1
10/1/2025 1:00,1
10/1/2025 2:00,0
10/1/2025 3:00,2
10/1/2025 4:00,0
10/1/2025 5:00,0
10/1/2025 6:00,0
10/1/2025 7:00,1
10/1/2025 8:00,2
10/1/2025 9:00,3
10/1/2025 10:00,3
10/1/2025 11:00,4
10/1/2025 12:00,4
10/1/2025 13:00,4
10/1/2025 14:00,4
10/1/2025 15:00,4
10/1/2025 16:00,4
10/1/2025 17:00,4
10/1/2025 18:00,3
10/1/2025 19:00,3
10/1/2025 20:00,2
10/1/2025 21:00,2
10/1/2025 22:00,1
10/1/2025 23:00,0
10/2/2025 0:00,0
10/2/2025 1:00,0
10/2/2025 2:00,0
10/2/2025 3:00,0
10/2/2025 4:00,0
10/2/2025 5:00,0
10/2/2025 6:00,0
10/2/2025 7:00,0
10/2/2025 8:00,1
10/2/2025 9:00,2
10/2/2025 10:00,3
10/2/2025 11:00,4
10/2/2025 12:00,4
10/2/2025 13:00,4
10/2/2025 14:00,4
10/2/2025 15:00,4
10/2/2025 16:00,4
10/2/2025 17:00,3
10/2/2025 18:00,3
10/2/2025 19:00,2
10/2/2025 20:00,2
10/2/2025 21:00,2
10/2/2025 22:00,1
10/2/2025 23:00,1
10/3/2025 0:00,1
10/3/2025 1:00,0
10/3/2025 2:00,1
10/3/2025 3:00,1
10/3/2025 4:00,1
10/3/2025 5:00,1
10/3/2025 6:00,1
10/3/2025 7:00,2
10/3/2025 8:00,3
10/3/2025 9:00,3
10/3/2025 10:00,4
10/3/2025 11:00,4
10/3/2025 12:00,4
10/3/2025 13:00,4
10/3/2025 14:00,3
10/3/2025 15:00,3
10/3/2025 16:00,3
10/3/2025 17:00,2
10/3/2025 18:00,2
10/3/2025 19:00,2
10/3/2025 20:00,0
10/3/2025 21:00,0
10/3/2025 22:00,0
10/3/2025 23:00,0
10/4/2025 0:00,0
10/4/2025 1:00,0
10/4/2025 2:00,1
10/4/2025 3:00,1
10/4/2025 4:00,1
10/4/2025 5:00,1
10/4/2025 6:00,1
10/4/2025 7:00,2
10/4/2025 8:00,2
10/4/2025 9:00,2
10/4/2025 10:00,3
10/4/2025 11:00,3
10/4/2025 12:00,3
10/4/2025 13:00,4
10/4/2025 14:00,4
10/4/2025 15:00,4
10/4/2025 16:00,4
10/4/2025 17:00,3
10/4/2025 18:00,3
10/4/2025 19:00,2
10/4/2025 20:00,2
10/4/2025 21:00,3
10/4/2025 22:00,2
10/4/2025 23:00,7
10/5/2025 0:00,16
10/5/2025 1:00,20
10/5/2025 2:00,18
10/5/2025 3:00,20
10/5/2025 4:00,22
10/5/2025 5:00,20
10/5/2025 6:00,13
10/5/2025 7:00,9
10/5/2025 8:00,6
10/5/2025 9:00,5
10/5/2025 10:00,4
10/5/2025 11:00,4
10/5/2025 12:00,4
10/5/2025 13:00,4
10/5/2025 14:00,4
10/5/2025 15:00,4
10/5/2025 16:00,4
10/5/2025 17:00,4
10/5/2025 18:00,3
10/5/2025 19:00,3
10/5/2025 20:00,3
10/5/2025 21:00,2
10/5/2025 22:00,2
10/5/2025 23:00,1
10/6/2025 0:00,2
10/6/2025 1:00,2
10/6/2025 2:00,2
10/6/2025 3:00,3
10/6/2025 4:00,2
10/6/2025 5:00,0
10/6/2025 6:00,0
10/6/2025 7:00,1
10/6/2025 8:00,2
10/6/2025 9:00,3
10/6/2025 10:00,4
10/6/2025 11:00,4
10/6/2025 12:00,4
10/6/2025 13:00,4
10/6/2025 14:00,4
10/6/2025 15:00,4
10/6/2025 16:00,4
10/6/2025 17:00,4
10/6/2025 18:00,3
10/6/2025 19:00,3
10/6/2025 20:00,2
10/6/2025 21:00,2
10/6/2025 22:00,2
10/6/2025 23:00,1
10/7/2025 0:00,0
10/7/2025 1:00,0
10/7/2025 2:00,0
10/7/2025 3:00,0
10/7/2025 4:00,0
10/7/2025 5:00,0
10/7/2025 6:00,0
10/7/2025 7:00,1
10/7/2025 8:00,3
10/7/2025 9:00,3
10/7/2025 10:00,4
10/7/2025 11:00,4
10/7/2025 12:00,5
10/7/2025 13:00,5
10/7/2025 14:00,5
10/7/2025 15:00,5
10/7/2025 16:00,5
10/7/2025 17:00,4
10/7/2025 18:00,4
10/7/2025 19:00,4
10/7/2025 20:00,3
10/7/2025 21:00,3
10/7/2025 22:00,2
10/7/2025 23:00,2
10/8/2025 0:00,1
10/8/2025 1:00,1
10/8/2025 2:00,0
10/8/2025 3:00,0
10/8/2025 4:00,0
10/8/2025 5:00,0
10/8/2025 6:00,0
10/8/2025 7:00,0
10/8/2025 8:00,0
10/8/2025 9:00,0
10/8/2025 10:00,1
10/8/2025 11:00,2
10/8/2025 12:00,3
10/8/2025 13:00,3
10/8/2025 14:00,4
10/8/2025 15:00,3
10/8/2025 16:00,3
10/8/2025 17:00,3
10/8/2025 18:00,2
10/8/2025 19:00,2
10/8/2025 20:00,2
10/8/2025 21:00,1
10/8/2025 22:00,0
10/8/2025 23:00,0
10/9/2025 0:00,0
10/9/2025 1:00,0
10/9/2025 2:00,0
10/9/2025 3:00,0
10/9/2025 4:00,0
10/9/2025 5:00,0
10/9/2025 6:00,0
10/9/2025 7:00,0
10/9/2025 8:00,0
10/9/2025 9:00,0
10/9/2025 10:00,0
10/9/2025 11:00,0
10/9/2025 12:00,0
10/9/2025 13:00,0
10/9/2025 14:00,0
10/9/2025 15:00,0
10/9/2025 16:00,0
10/9/2025 17:00,0
10/9/2025 18:00,0
10/9/2025 19:00,0
10/9/2025 20:00,0
10/9/2025 21:00,0
10/9/2025 22:00,0
10/9/2025 23:00,0
10/10/2025 0:00,0
10/10/2025 1:00,0
10/10/2025 2:00,0
10/10/2025 3:00,0
10/10/2025 4:00,0
10/10/2025 5:00,0
10/10/2025 6:00,0
10/10/2025 7:00,0
10/10/2025 8:00,0
10/10/2025 9:00,0
10/10/2025 10:00,0
10/10/2025 11:00,0
10/10/2025 12:00,0
10/10/2025 13:00,0
10/10/2025 14:00,0
10/10/2025 15:00,0
10/10/2025 16:00,0
10/10/2025 17:00,0
10/10/2025 18:00,0
10/10/2025 19:00,0
10/10/2025 20:00,0
10/10/2025 21:00,0
10/10/2025 22:00,0
10/10/2025 23:00,0
10/11/2025 0:00,0
10/11/2025 1:00,0
10/11/2025 2:00,0
10/11/2025 3:00,0
10/11/2025 4:00,0
10/11/2025 5:00,0
10/11/2025 6:00,0
10/11/2025 7:00,0
10/11/2025 8:00,0
10/11/2025 9:00,0
10/11/2025 10:00,0
10/11/2025 11:00,0
10/11/2025 12:00,0
10/11/2025 13:00,0
10/11/2025 14:00,0
10/11/2025 15:00,0
10/11/2025 16:00,0
10/11/2025 17:00,0
10/11/2025 18:00,0
10/11/2025 19:00,0
10/11/2025 20:00,0
10/11/2025 21:00,0
10/11/2025 22:00,0
10/11/2025 23:00,0
10/12/2025 0:00,2
10/12/2025 1:00,5
10/12/2025 2:00,5
10/12/2025 3:00,3
10/12/2025 4:00,2
10/12/2025 5:00,0
10/12/2025 6:00,1
10/12/2025 7:00,2
10/12/2025 8:00,2
10/12/2025 9:00,2
10/12/2025 10:00,2
10/12/2025 11:00,2
10/12/2025 12:00,3
10/12/2025 13:00,3
10/12/2025 14:00,3
10/12/2025 15:00,3
10/12/2025 16:00,3
10/12/2025 17:00,3
10/12/2025 18:00,2
10/12/2025 19:00,2
10/12/2025 20:00,1
10/12/2025 21:00,1
10/12/2025 22:00,2
10/12/2025 23:00,1
10/13/2025 0:00,2
10/13/2025 1:00,7
10/13/2025 2:00,4
10/13/2025 3:00,3
10/13/2025 4:00,1
10/13/2025 5:00,0
10/13/2025 6:00,0
10/13/2025 7:00,2
10/13/2025 8:00,2
10/13/2025 9:00,3
10/13/2025 10:00,4
10/13/2025 11:00,4
10/13/2025 12:00,4
10/13/2025 13:00,4
10/13/2025 14:00,4
10/13/2025 15:00,3
10/13/2025 16:00,2
10/13/2025 17:00,1
10/13/2025 18:00,0
10/13/2025 19:00,0
10/13/2025 20:00,0
10/13/2025 21:00,0
10/13/2025 22:00,0
10/13/2025 23:00,0
10/14/2025 0:00,0
10/14/2025 1:00,0
10/14/2025 2:00,0
10/14/2025 3:00,0
10/14/2025 4:00,0
10/14/2025 5:00,0
10/14/2025 6:00,0
10/14/2025 7:00,0
10/14/2025 8:00,0
10/14/2025 10:00,2
10/14/2025 11:00,3
10/14/2025 12:00,3
10/14/2025 13:00,3
10/14/2025 14:00,3
10/14/2025 15:00,3
10/14/2025 16:00,3
10/14/2025 17:00,2
10/14/2025 18:00,0
10/14/2025 19:00,0
10/14/2025 20:00,0
10/14/2025 21:00,0
10/14/2025 22:00,0
10/14/2025 23:00,0
10/15/2025 0:00,0
10/15/2025 1:00,0
10/15/2025 2:00,0
10/15/2025 3:00,0
10/15/2025 4:00,0
10/15/2025 5:00,0
10/15/2025 6:00,0
10/15/2025 7:00,0
10/15/2025 8:00,0
10/15/2025 9:00,0
10/15/2025 10:00,0
10/15/2025 11:00,1
10/15/2025 12:00,1
10/15/2025 13:00,2
10/15/2025 14:00,2
10/15/2025 15:00,2
10/15/2025 16:00,2
10/15/2025 17:00,1
10/15/2025 18:00,0
10/15/2025 19:00,0
10/15/2025 20:00,0
10/15/2025 21:00,0
10/15/2025 22:00,0
10/15/2025 23:00,0
10/16/2025 0:00,0
10/16/2025 1:00,0
10/16/2025 2:00,0
10/16/2025 3:00,0
10/16/2025 4:00,0
10/16/2025 5:00,0
10/16/2025 6:00,0
10/16/2025 7:00,0
10/16/2025 8:00,0
10/16/2025 9:00,1
10/16/2025 10:00,2
10/16/2025 11:00,3
10/16/2025 12:00,3
10/16/2025 13:00,4
10/16/2025 14:00,3
10/16/2025 15:00,4
10/16/2025 16:00,3
10/16/2025 17:00,3
10/16/2025 18:00,3
10/16/2025 19:00,2
10/16/2025 20:00,2
10/16/2025 21:00,2
10/16/2025 22:00,1
10/16/2025 23:00,1
10/17/2025 0:00,1
10/17/2025 1:00,1
10/17/2025 2:00,1
10/17/2025 3:00,0
10/17/2025 4:00,0
10/17/2025 5:00,0
10/17/2025 6:00,0
10/17/2025 7:00,1
10/17/2025 8:00,1
10/17/2025 9:00,2
10/17/2025 10:00,3
10/17/2025 11:00,3
10/17/2025 12:00,4
10/17/2025 13:00,4
10/17/2025 14:00,4
10/17/2025 15:00,4
10/17/2025 16:00,4
10/17/2025 17:00,3
10/17/2025 18:00,3
10/17/2025 19:00,2
10/17/2025 20:00,2
10/17/2025 21:00,1
10/17/2025 22:00,0
10/17/2025 23:00,0
10/18/2025 0:00,0
10/18/2025 1:00,0
10/18/2025 2:00,0
10/18/2025 3:00,0
10/18/2025 4:00,0
10/18/2025 5:00,0
10/18/2025 6:00,0
10/18/2025 7:00,1
10/18/2025 8:00,2
10/18/2025 10:00,2
10/18/2025 12:00,3
10/18/2025 14:00,4
10/18/2025 15:00,4
10/18/2025 16:00,4
10/18/2025 17:00,4
10/18/2025 18:00,3
10/18/2025 19:00,3
10/18/2025 20:00,6
10/18/2025 21:00,15
10/18/2025 22:00,21
10/18/2025 23:00,24
10/19/2025 0:00,23
10/19/2025 1:00,24
10/19/2025 2:00,26
10/19/2025 3:00,25
10/19/2025 4:00,25
10/19/2025 5:00,24
10/19/2025 6:00,22
10/19/2025 7:00,27
10/19/2025 8:00,27
10/19/2025 9:00,18
10/19/2025 10:00,12
10/19/2025 11:00,9
10/19/2025 12:00,7
10/19/2025 13:00,6
10/19/2025 14:00,6
10/19/2025 15:00,5
10/19/2025 16:00,6
10/19/2025 17:00,5
10/19/2025 18:00,4
10/19/2025 19:00,5
10/19/2025 20:00,10
10/19/2025 21:00,18
10/19/2025 22:00,22
10/19/2025 23:00,23
10/20/2025 0:00,25
10/20/2025 1:00,24
10/20/2025 2:00,22
10/20/2025 3:00,25
10/20/2025 4:00,24
10/20/2025 5:00,11
10/20/2025 6:00,6
10/20/2025 7:00,4
10/20/2025 8:00,3
10/20/2025 9:00,3
10/20/2025 10:00,4
10/20/2025 11:00,4
10/20/2025 12:00,4
10/20/2025 13:00,4
10/20/2025 14:00,4
10/20/2025 15:00,4
10/20/2025 16:00,4
10/20/2025 17:00,4
10/20/2025 18:00,3
10/20/2025 19:00,3
10/20/2025 20:00,2
10/20/2025 21:00,2
10/20/2025 22:00,2
10/20/2025 23:00,1
10/21/2025 0:00,0
10/21/2025 1:00,0
10/21/2025 2:00,1
10/21/2025 3:00,1
10/21/2025 4:00,1
10/21/2025 5:00,0
10/21/2025 6:00,1
10/21/2025 7:00,2
10/21/2025 8:00,2
10/21/2025 9:00,3
10/21/2025 10:00,3
10/21/2025 11:00,4
10/21/2025 12:00,4
10/21/2025 13:00,4
10/21/2025 14:00,4
10/21/2025 15:00,4
10/21/2025 16:00,4
10/21/2025 17:00,4
10/21/2025 18:00,3
10/21/2025 19:00,3
10/21/2025 20:00,2
10/21/2025 21:00,2
10/21/2025 22:00,2
10/21/2025 23:00,2
10/22/2025 0:00,1
10/22/2025 1:00,1
10/22/2025 2:00,0
10/22/2025 3:00,0
10/22/2025 4:00,0
10/22/2025 5:00,0
10/22/2025 6:00,0
10/22/2025 7:00,0
10/22/2025 8:00,1
10/22/2025 9:00,2
10/22/2025 10:00,3
10/22/2025 11:00,4
10/22/2025 12:00,4
10/22/2025 13:00,4
10/22/2025 14:00,4
10/22/2025 15:00,4
10/22/2025 16:00,3
10/22/2025 17:00,2
10/22/2025 18:00,1
10/22/2025 19:00,0
10/22/2025 20:00,0
10/22/2025 21:00,0
10/22/2025 22:00,0
10/22/2025 23:00,0
10/23/2025 0:00,0
10/23/2025 1:00,0
10/23/2025 2:00,0
10/23/2025 3:00,0
10/23/2025 4:00,0
10/23/2025 5:00,0
10/23/2025 6:00,0
10/23/2025 7:00,0
10/23/2025 8:00,0
10/23/2025 9:00,1
10/23/2025 10:00,2
10/23/2025 11:00,3
10/23/2025 12:00,3
10/23/2025 13:00,3
10/23/2025 14:00,3
10/23/2025 15:00,3
10/23/2025 16:00,3
10/23/2025 17:00,3
10/23/2025 18:00,2
10/23/2025 19:00,2
10/23/2025 20:00,1
10/23/2025 21:00,0
10/23/2025 22:00,0
10/23/2025 23:00,0
10/24/2025 0:00,0
10/24/2025 1:00,0
10/24/2025 2:00,0
10/24/2025 3:00,2
10/24/2025 4:00,2
10/24/2025 5:00,0
10/24/2025 6:00,0
10/24/2025 7:00,0
10/24/2025 8:00,2
10/24/2025 9:00,2
10/24/2025 10:00,3
10/24/2025 11:00,13
10/24/2025 12:00,19
10/24/2025 13:00,21
10/24/2025 14:00,25
10/24/2025 15:00,24
10/24/2025 16:00,21
10/24/2025 17:00,19
10/24/2025 18:00,18
10/24/2025 19:00,17
10/24/2025 20:00,16
10/24/2025 21:00,15
10/24/2025 22:00,15
10/24/2025 23:00,14
10/25/2025 0:00,14
10/25/2025 1:00,13
10/25/2025 2:00,13
10/25/2025 3:00,13
10/25/2025 4:00,13
10/25/2025 5:00,13
10/25/2025 6:00,12
10/25/2025 7:00,13
10/25/2025 8:00,13
10/25/2025 9:00,14
10/25/2025 10:00,16
10/25/2025 11:00,18
10/25/2025 12:00,21
10/25/2025 13:00,22
10/25/2025 14:00,20
10/25/2025 15:00,19
10/25/2025 16:00,18
10/25/2025 17:00,17
10/25/2025 18:00,16
10/25/2025 19:00,14
10/25/2025 20:00,12
10/25/2025 21:00,11
10/25/2025 22:00,10
10/25/2025 23:00,9
10/26/2025 0:00,8
10/26/2025 1:00,8
10/26/2025 2:00,7
10/26/2025 3:00,6
10/26/2025 4:00,6
10/26/2025 5:00,6
10/26/2025 6:00,6
10/26/2025 7:00,8
10/26/2025 8:00,10
10/26/2025 9:00,12
10/26/2025 10:00,14
10/26/2025 11:00,16
10/26/2025 12:00,17
10/26/2025 13:00,18
10/26/2025 14:00,19
10/26/2025 15:00,19
10/26/2025 16:00,19
10/26/2025 17:00,18
10/26/2025 18:00,16
10/26/2025 19:00,15
10/26/2025 20:00,13
10/26/2025 21:00,12
10/26/2025 22:00,12
10/26/2025 23:00,11
10/27/2025 0:00,9
10/27/2025 1:00,8
10/27/2025 2:00,7
10/27/2025 3:00,6
10/27/2025 4:00,6
10/27/2025 5:00,6
10/27/2025 6:00,7
10/27/2025 7:00,8
10/27/2025 8:00,11
10/27/2025 9:00,14
10/27/2025 10:00,17
10/27/2025 11:00,18
10/27/2025 12:00,17
10/27/2025 13:00,13
10/27/2025 14:00,12
10/27/2025 15:00,15
10/27/2025 16:00,18
10/27/2025 17:00,18
10/27/2025 18:00,17
10/27/2025 19:00,16
10/27/2025 20:00,15
10/27/2025 21:00,14
10/27/2025 22:00,14
10/27/2025 23:00,13
10/28/2025 0:00,13
10/28/2025 1:00,14
10/28/2025 2:00,14
10/28/2025 3:00,14
10/28/2025 4:00,14
10/28/2025 5:00,14
10/28/2025 6:00,14
10/28/2025 7:00,14
10/28/2025 8:00,17
10/28/2025 9:00,21
10/28/2025 10:00,19
10/28/2025 11:00,19
10/28/2025 12:00,16
10/28/2025 13:00,14
10/28/2025 14:00,15
10/28/2025 15:00,20
10/28/2025 16:00,20
10/28/2025 17:00,20
10/28/2025 18:00,19
10/28/2025 19:00,18
10/28/2025 20:00,17
10/28/2025 21:00,16
10/28/2025 22:00,16
10/28/2025 23:00,15
10/29/2025 0:00,15
10/29/2025 1:00,15
10/29/2025 2:00,16
10/29/2025 3:00,16
10/29/2025 4:00,16
10/29/2025 5:00,16
10/29/2025 6:00,16
10/29/2025 7:00,16
10/29/2025 8:00,17
10/29/2025 9:00,19
10/29/2025 10:00,21
10/29/2025 11:00,18
10/29/2025 12:00,20
10/29/2025 13:00,19
10/29/2025 14:00,19
10/29/2025 15:00,21
10/29/2025 16:00,21
10/29/2025 17:00,20
10/29/2025 18:00,19
10/29/2025 19:00,18
10/29/2025 20:00,18
10/29/2025 21:00,17
10/29/2025 22:00,17
10/29/2025 23:00,16
10/30/2025 0:00,16
10/30/2025 1:00,16
10/30/2025 2:00,16
10/30/2025 3:00,16
10/30/2025 4:00,16
10/30/2025 5:00,16
10/30/2025 6:00,16
10/30/2025 7:00,16
10/30/2025 8:00,16
10/30/2025 9:00,17
10/30/2025 10:00,18
10/30/2025 11:00,20
10/30/2025 12:00,21
10/30/2025 13:00,23
10/30/2025 14:00,24
10/30/2025 15:00,22
10/30/2025 16:00,21
10/30/2025 17:00,20
10/30/2025 18:00,19
10/30/2025 19:00,18
10/30/2025 20:00,17
10/30/2025 21:00,16
10/30/2025 22:00,16
10/30/2025 23:00,15
10/31/2025 0:00,15
10/31/2025 1:00,14
10/31/2025 2:00,14
10/31/2025 3:00,14
10/31/2025 4:00,14
10/31/2025 5:00,14
10/31/2025 6:00,14
10/31/2025 7:00,14
10/31/2025 8:00,15
10/31/2025 9:00,16
10/31/2025 10:00,17
10/31/2025 11:00,18
10/31/2025 12:00,19
10/31/2025 13:00,20
10/31/2025 14:00,22
10/31/2025 15:00,20
10/31/2025 16:00,19
10/31/2025 17:00,18
10/31/2025 18:00,17
10/31/2025 19:00,16
10/31/2025 20:00,14
10/31/2025 21:00,14
10/31/2025 22:00,13
10/31/2025 23:00,13
11/1/2025 0:00,13
11/1/2025 1:00,13
11/1/2025 2:00,13
11/1/2025 3:00,13
11/1/2025 4:00,13
11/1/2025 5:00,13
11/1/2025 6:00,13
11/1/2025 7:00,13
11/1/2025 8:00,14
11/1/2025 9:00,15
11/1/2025 10:00,17
11/1/2025 11:00,18
11/1/2025 12:00,18
11/1/2025 13:00,19
11/1/2025 14:00,19
11/1/2025 15:00,19
11/1/2025 16:00,19
11/1/2025 17:00,18
11/1/2025 18:00,17
11/1/2025 19:00,17
11/1/2025 20:00,16
11/1/2025 21:00,16
11/1/2025 22:00,15
11/1/2025 23:00,14
11/2/2025 0:00,14
11/2/2025 1:00,13
11/2/2025 2:00,13
11/2/2025 3:00,14
11/2/2025 4:00,14
11/2/2025 5:00,14
11/2/2025 6:00,13
11/2/2025 7:00,14
11/2/2025 8:00,14
11/2/2025 9:00,15
11/2/2025 10:00,16
11/2/2025 11:00,16
11/2/2025 12:00,17
11/2/2025 13:00,17
11/2/2025 14:00,18
11/2/2025 15:00,18
11/2/2025 16:00,18
11/2/2025 17:00,18
11/2/2025 18:00,17
11/2/2025 19:00,17
11/2/2025 20:00,17
11/2/2025 21:00,16
11/2/2025 22:00,15
11/2/2025 23:00,15
11/3/2025 0:00,15
11/3/2025 1:00,14
11/3/2025 2:00,14
11/3/2025 3:00,14
11/3/2025 4:00,14
11/3/2025 5:00,14
11/3/2025 6:00,14
11/3/2025 7:00,14
11/3/2025 8:00,14
11/3/2025 9:00,16
11/3/2025 10:00,18
11/3/2025 11:00,20
11/3/2025 12:00,21
11/3/2025 13:00,25
11/3/2025 14:00,25
11/3/2025 15:00,24
11/3/2025 16:00,24
11/3/2025 17:00,21
11/3/2025 18:00,19
11/3/2025 19:00,18
11/3/2025 20:00,18
11/3/2025 21:00,18
11/3/2025 22:00,14
11/3/2025 23:00,11
11/4/2025 0:00,10
11/4/2025 1:00,9
11/4/2025 2:00,8
11/4/2025 3:00,7
11/4/2025 4:00,7
11/4/2025 5:00,7
11/4/2025 6:00,6
11/4/2025 7:00,8
11/4/2025 8:00,11
11/4/2025 9:00,14
11/4/2025 10:00,16
11/4/2025 11:00,18
11/4/2025 12:00,19
11/4/2025 13:00,21
11/4/2025 14:00,22
11/4/2025 15:00,23
11/4/2025 16:00,23
11/4/2025 17:00,20
11/4/2025 18:00,18
11/4/2025 19:00,17
11/4/2025 20:00,16
11/4/2025 21:00,15
11/4/2025 22:00,14
11/4/2025 23:00,13
11/5/2025 0:00,12
11/5/2025 1:00,11
11/5/2025 2:00,10
11/5/2025 3:00,9
11/5/2025 4:00,7
11/5/2025 5:00,7
11/5/2025 6:00,7
11/5/2025 7:00,7
11/5/2025 8:00,9
11/5/2025 9:00,12
11/5/2025 10:00,15
11/5/2025 11:00,17
11/5/2025 12:00,19
11/5/2025 13:00,21
11/5/2025 14:00,24
11/5/2025 15:00,23
11/5/2025 16:00,23
11/5/2025 17:00,20
11/5/2025 18:00,19
11/5/2025 19:00,17
11/5/2025 20:00,16
11/5/2025 21:00,15
11/5/2025 22:00,14
11/5/2025 23:00,14
11/6/2025 0:00,14
11/6/2025 1:00,13
11/6/2025 2:00,13
11/6/2025 3:00,12
11/6/2025 4:00,12
11/6/2025 5:00,12
11/6/2025 6:00,12
11/6/2025 7:00,13
11/6/2025 8:00,14
11/6/2025 9:00,15
11/6/2025 10:00,16
11/6/2025 11:00,18
11/6/2025 12:00,20
11/6/2025 13:00,22
11/6/2025 14:00,22
11/6/2025 15:00,21
11/6/2025 16:00,19
11/6/2025 17:00,18
11/6/2025 18:00,17
11/6/2025 19:00,16
11/6/2025 20:00,15
11/6/2025 21:00,14
11/6/2025 22:00,13
11/6/2025 23:00,13
11/7/2025 0:00,12
11/7/2025 1:00,12
11/7/2025 2:00,12
11/7/2025 3:00,12
11/7/2025 4:00,11
11/7/2025 5:00,11
11/7/2025 6:00,11
11/7/2025 7:00,12
11/7/2025 8:00,13
11/7/2025 9:00,16
11/7/2025 10:00,17
11/7/2025 11:00,18
11/7/2025 12:00,19
11/7/2025 13:00,19
11/7/2025 14:00,20
11/7/2025 15:00,20
11/7/2025 16:00,19
11/7/2025 17:00,18
11/7/2025 18:00,17
11/7/2025 19:00,16
11/7/2025 20:00,15
11/7/2025 21:00,14
11/7/2025 22:00,13
11/7/2025 23:00,13
11/8/2025 0:00,12
11/8/2025 1:00,12
11/8/2025 2:00,11
11/8/2025 3:00,11
11/8/2025 4:00,11
11/8/2025 5:00,11
11/8/2025 6:00,11
11/8/2025 7:00,11
11/8/2025 8:00,13
11/8/2025 9:00,14
11/8/2025 10:00,15
11/8/2025 11:00,16
11/8/2025 12:00,17
11/8/2025 13:00,18
11/8/2025 14:00,18
11/8/2025 15:00,18
11/8/2025 16:00,18
11/8/2025 17:00,17
11/8/2025 18:00,16
11/8/2025 19:00,16
11/8/2025 20:00,15
11/8/2025 21:00,15
11/8/2025 22:00,14
11/8/2025 23:00,14
11/9/2025 0:00,14
11/9/2025 1:00,14
11/9/2025 2:00,14
11/9/2025 3:00,14
11/9/2025 4:00,13
11/9/2025 5:00,13
11/9/2025 6:00,13
11/9/2025 7:00,13
11/9/2025 8:00,14
11/9/2025 9:00,15
11/9/2025 10:00,16
11/9/2025 11:00,16
11/9/2025 12:00,17
11/9/2025 13:00,17
11/9/2025 14:00,17
11/9/2025 15:00,17
11/9/2025 16:00,17
11/9/2025 17:00,17
11/9/2025 18:00,16
11/9/2025 19:00,16
11/9/2025 20:00,16
11/9/2025 21:00,16
11/9/2025 22:00,15
11/9/2025 23:00,15
11/10/2025 0:00,15
11/10/2025 1:00,15
11/10/2025 2:00,15
11/10/2025 3:00,14
11/10/2025 4:00,14
11/10/2025 5:00,14
11/10/2025 6:00,14
11/10/2025 7:00,14
11/10/2025 8:00,15
11/10/2025 9:00,16
11/10/2025 10:00,17
11/10/2025 11:00,18
11/10/2025 12:00,21
11/10/2025 13:00,21
11/10/2025 14:00,22
11/10/2025 15:00,22
11/10/2025 16:00,20
11/10/2025 17:00,19
11/10/2025 18:00,18
11/10/2025 19:00,17
11/10/2025 20:00,16
11/10/2025 21:00,15
11/10/2025 22:00,15
11/10/2025 23:00,15
11/11/2025 0:00,14
11/11/2025 1:00,14
11/11/2025 2:00,14
11/11/2025 3:00,14
11/11/2025 4:00,14
11/11/2025 5:00,14
11/11/2025 6:00,14
11/11/2025 7:00,14
11/11/2025 8:00,15
11/11/2025 9:00,17
11/11/2025 10:00,19
11/11/2025 11:00,21
11/11/2025 12:00,23
11/11/2025 13:00,24
11/11/2025 14:00,23
11/11/2025 15:00,24
11/11/2025 16:00,23
11/11/2025 17:00,21
11/11/2025 18:00,19
11/11/2025 19:00,18
11/11/2025 20:00,16
11/11/2025 21:00,15
11/11/2025 22:00,15
11/11/2025 23:00,14
11/12/2025 0:00,14
11/12/2025 1:00,13
11/12/2025 2:00,13
11/12/2025 3:00,12
11/12/2025 4:00,12
11/12/2025 5:00,12
11/12/2025 6:00,13
11/12/2025 7:00,13
11/12/2025 8:00,13
11/12/2025 9:00,14
11/12/2025 10:00,16
11/12/2025 11:00,18
11/12/2025 12:00,20
11/12/2025 13:00,21
11/12/2025 14:00,21
11/12/2025 15:00,21
11/12/2025 16:00,20
11/12/2025 17:00,19
11/12/2025 18:00,18
11/12/2025 19:00,17
11/12/2025 20:00,16
11/12/2025 21:00,16
11/12/2025 22:00,15
11/12/2025 23:00,14
11/13/2025 0:00,13
11/13/2025 1:00,13
11/13/2025 2:00,12
11/13/2025 3:00,12
11/13/2025 4:00,12
11/13/2025 5:00,12
11/13/2025 6:00,12
11/13/2025 7:00,12
11/13/2025 8:00,13
11/13/2025 9:00,16
11/13/2025 10:00,17
11/13/2025 11:00,18
11/13/2025 12:00,21
11/13/2025 13:00,23
11/13/2025 14:00,23
11/13/2025 15:00,24
11/13/2025 16:00,22
11/13/2025 17:00,20
11/13/2025 18:00,18
11/13/2025 19:00,18
11/13/2025 20:00,17
11/13/2025 21:00,16
11/13/2025 22:00,16
11/13/2025 23:00,16
11/14/2025 0:00,15
11/14/2025 1:00,15
11/14/2025 2:00,14
11/14/2025 3:00,14
11/14/2025 4:00,14
11/14/2025 5:00,13
11/14/2025 6:00,13
11/14/2025 7:00,13
11/14/2025 8:00,14
11/14/2025 9:00,14
11/14/2025 10:00,14
11/14/2025 11:00,15
11/14/2025 12:00,16
11/14/2025 13:00,17
11/14/2025 14:00,17
11/14/2025 15:00,17
11/14/2025 16:00,16
11/14/2025 17:00,15
11/14/2025 18:00,14
11/14/2025 19:00,12
11/14/2025 20:00,11
11/14/2025 21:00,11
11/14/2025 22:00,11
11/14/2025 23:00,11
11/15/2025 0:00,10
11/15/2025 1:00,10
11/15/2025 2:00,10
11/15/2025 3:00,10
11/15/2025 4:00,10
11/15/2025 5:00,10
11/15/2025 6:00,10
11/15/2025 7:00,10
11/15/2025 8:00,10
11/15/2025 9:00,10
11/15/2025 10:00,10
11/15/2025 11:00,10
11/15/2025 12:00,9
11/15/2025 13:00,10
11/15/2025 14:00,10
11/15/2025 21:00,9
11/15/2025 22:00,10
11/15/2025 23:00,10
11/16/2025 0:00,10
11/16/2025 1:00,10
11/16/2025 2:00,9
11/16/2025 3:00,8
11/16/2025 4:00,8
11/16/2025 5:00,7
11/16/2025 6:00,7
11/16/2025 7:00,9
11/16/2025 8:00,11
11/16/2025 9:00,14
11/16/2025 10:00,16
11/16/2025 11:00,18
11/16/2025 12:00,22
11/16/2025 13:00,23
11/16/2025 14:00,19
11/16/2025 15:00,16
11/16/2025 16:00,10
11/16/2025 17:00,16
11/16/2025 18:00,19
11/16/2025 19:00,19
11/16/2025 20:00,18
11/16/2025 21:00,15
11/16/2025 22:00,13
11/16/2025 23:00,13
11/17/2025 0:00,12
11/17/2025 1:00,12
11/17/2025 2:00,11
11/17/2025 3:00,10
11/17/2025 4:00,10
11/17/2025 5:00,9
11/17/2025 6:00,12
11/17/2025 7:00,15
11/17/2025 8:00,17
11/17/2025 9:00,19
11/17/2025 10:00,21
11/17/2025 11:00,21
11/17/2025 12:00,22
11/17/2025 13:00,24
11/17/2025 14:00,23
11/17/2025 15:00,14
11/17/2025 16:00,14
11/17/2025 17:00,8
11/17/2025 18:00,13
11/17/2025 19:00,16
11/17/2025 20:00,18
11/17/2025 21:00,18
11/17/2025 22:00,17
11/17/2025 23:00,14
11/18/2025 0:00,15
11/18/2025 1:00,16
11/18/2025 2:00,17
11/18/2025 3:00,16
11/18/2025 4:00,9
11/18/2025 5:00,5
11/18/2025 6:00,0
11/18/2025 7:00,0
11/18/2025 8:00,0
11/18/2025 9:00,0
11/18/2025 10:00,0
11/18/2025 11:00,0
11/18/2025 12:00,0
11/18/2025 13:00,0
11/18/2025 14:00,0
11/18/2025 15:00,0
11/18/2025 16:00,0
11/18/2025 17:00,0
11/18/2025 18:00,0
11/18/2025 19:00,0
11/18/2025 20:00,0
11/18/2025 21:00,0
11/18/2025 22:00,0
11/18/2025 23:00,0
11/19/2025 0:00,1
11/19/2025 1:00,1
11/19/2025 2:00,2
11/19/2025 3:00,6
11/19/2025 4:00,0
11/19/2025 5:00,0
11/19/2025 6:00,0
11/19/2025 7:00,0
11/19/2025 8:00,0
11/19/2025 9:00,0
11/19/2025 10:00,0
11/19/2025 11:00,0
11/19/2025 12:00,1
11/19/2025 13:00,1
11/19/2025 14:00,2
11/19/2025 15:00,1
11/19/2025 16:00,0
11/19/2025 17:00,0
11/19/2025 18:00,0
11/19/2025 19:00,0
11/19/2025 20:00,0
11/19/2025 21:00,0
11/19/2025 22:00,0
11/19/2025 23:00,0
11/20/2025 0:00,0
11/20/2025 1:00,0
11/20/2025 2:00,0
11/20/2025 3:00,0
11/20/2025 4:00,0
11/20/2025 5:00,0
11/20/2025 6:00,0
11/20/2025 7:00,0
11/20/2025 8:00,0
11/20/2025 9:00,0
11/20/2025 10:00,1
11/20/2025 11:00,3
11/20/2025 12:00,3
11/20/2025 13:00,3
11/20/2025 14:00,3
11/20/2025 15:00,2
11/20/2025 16:00,1
11/20/2025 17:00,0
11/20/2025 18:00,0
11/20/2025 19:00,2
11/20/2025 20:00,9
11/20/2025 21:00,10
11/20/2025 22:00,3
11/20/2025 23:00,0
11/21/2025 0:00,0
11/21/2025 1:00,0
11/21/2025 2:00,6
11/21/2025 3:00,9
11/21/2025 4:00,8
11/21/2025 5:00,6
11/21/2025 6:00,0
11/21/2025 7:00,0
11/21/2025 8:00,0
11/21/2025 9:00,0
11/21/2025 10:00,0
11/21/2025 11:00,0
11/21/2025 12:00,0
11/21/2025 13:00,0
11/21/2025 14:00,0
11/21/2025 15:00,0
11/21/2025 16:00,0
11/21/2025 17:00,0
11/21/2025 18:00,0
11/21/2025 19:00,0
11/21/2025 20:00,0
11/21/2025 21:00,0
11/21/2025 22:00,0
11/21/2025 23:00,0
11/22/2025 0:00,0
11/22/2025 1:00,0
11/22/2025 2:00,0
11/22/2025 3:00,0
11/22/2025 4:00,0
11/22/2025 5:00,0
11/22/2025 6:00,0
11/22/2025 7:00,0
11/22/2025 8:00,0
11/22/2025 9:00,0
11/22/2025 10:00,0
11/22/2025 16:00,0
11/22/2025 17:00,0
11/22/2025 18:00,0
11/22/2025 19:00,0
11/22/2025 20:00,0
11/22/2025 21:00,0
11/22/2025 22:00,0
11/22/2025 23:00,0
11/23/2025 0:00,0
11/23/2025 1:00,0
11/23/2025 2:00,0
11/23/2025 3:00,0
11/23/2025 4:00,0
11/23/2025 5:00,0
11/23/2025 6:00,0
11/23/2025 7:00,0
11/23/2025 8:00,0
11/23/2025 9:00,8
11/23/2025 10:00,16
11/23/2025 11:00,16
11/23/2025 12:00,13
11/23/2025 13:00,11
11/23/2025 14:00,7
11/23/2025 15:00,4
11/23/2025 16:00,1
11/23/2025 17:00,0
11/23/2025 18:00,0
11/23/2025 19:00,0
11/23/2025 20:00,0
11/23/2025 21:00,0
11/23/2025 22:00,0
11/23/2025 23:00,0
11/24/2025 0:00,0
11/24/2025 1:00,4
11/24/2025 2:00,10
11/24/2025 3:00,5
11/24/2025 4:00,0
11/24/2025 5:00,0
11/24/2025 6:00,0
11/24/2025 7:00,0
11/24/2025 8:00,0
11/24/2025 9:00,0
11/24/2025 10:00,0
11/24/2025 11:00,0
11/24/2025 12:00,0
11/24/2025 13:00,0
11/24/2025 14:00,0
11/24/2025 15:00,0
11/24/2025 16:00,0
11/24/2025 17:00,0
11/24/2025 18:00,0
11/24/2025 19:00,0
11/24/2025 20:00,0
11/24/2025 21:00,0
11/24/2025 22:00,0
11/24/2025 23:00,0
11/25/2025 0:00,0
11/25/2025 1:00,0
11/25/2025 2:00,0
11/25/2025 3:00,0
11/25/2025 4:00,0
11/25/2025 5:00,0
11/25/2025 6:00,0
11/25/2025 7:00,0
11/25/2025 8:00,0
11/25/2025 9:00,0
11/25/2025 10:00,0
11/25/2025 11:00,0
11/25/2025 12:00,0
11/25/2025 13:00,1
11/25/2025 14:00,2
11/25/2025 15:00,2
11/25/2025 16:00,1
11/25/2025 17:00,0
11/25/2025 18:00,0
11/25/2025 19:00,0
11/25/2025 20:00,0
11/25/2025 21:00,0
11/25/2025 22:00,0
11/25/2025 23:00,0
11/26/2025 0:00,4
11/26/2025 1:00,8
11/26/2025 2:00,9
11/26/2025 3:00,11
11/26/2025 4:00,12
11/26/2025 5:00,5
11/26/2025 6:00,0
11/26/2025 7:00,0
11/26/2025 8:00,0
11/26/2025 9:00,1
11/26/2025 10:00,2
11/26/2025 11:00,2
11/26/2025 12:00,2
11/26/2025 13:00,3
11/26/2025 14:00,3
11/26/2025 15:00,3
11/26/2025 16:00,2
11/26/2025 17:00,1
11/26/2025 18:00,0
11/26/2025 19:00,0
11/26/2025 20:00,0
11/26/2025 21:00,0
11/26/2025 22:00,0
11/26/2025 23:00,0
11/27/2025 0:00,3
11/27/2025 1:00,2
11/27/2025 2:00,4
11/27/2025 3:00,6
11/27/2025 4:00,5
11/27/2025 5:00,2
11/27/2025 6:00,0
11/27/2025 7:00,0
11/27/2025 8:00,0
11/27/2025 9:00,1
11/27/2025 10:00,2
11/27/2025 11:00,3
11/27/2025 12:00,3
11/27/2025 13:00,3
11/27/2025 14:00,3
11/27/2025 15:00,2
11/27/2025 16:00,2
11/27/2025 17:00,1
11/27/2025 18:00,0
11/27/2025 19:00,0
11/27/2025 20:00,0
11/27/2025 21:00,0
11/27/2025 22:00,0
11/27/2025 23:00,0
11/28/2025 0:00,0
11/28/2025 1:00,0
11/28/2025 2:00,0
11/28/2025 3:00,0
11/28/2025 4:00,0
11/28/2025 5:00,0
11/28/2025 6:00,0
11/28/2025 7:00,0
11/28/2025 8:00,0
11/28/2025 9:00,0
11/28/2025 10:00,2
11/28/2025 11:00,3
11/28/2025 12:00,3
11/28/2025 13:00,3
11/28/2025 14:00,3
11/28/2025 15:00,3
11/28/2025 16:00,2
11/28/2025 17:00,1
11/28/2025 18:00,0
11/28/2025 19:00,0
11/28/2025 20:00,1
11/28/2025 21:00,0
11/28/2025 22:00,0
11/28/2025 23:00,9
11/29/2025 0:00,13
11/29/2025 1:00,10
11/29/2025 2:00,12
11/29/2025 3:00,13
11/29/2025 4:00,16
11/29/2025 5:00,16
11/29/2025 6:00,4
11/29/2025 7:00,0
11/29/2025 8:00,0
11/29/2025 9:00,7
11/29/2025 10:00,8
11/29/2025 11:00,9
11/29/2025 12:00,6
11/29/2025 13:00,6
11/29/2025 14:00,16
11/29/2025 15:00,21
11/29/2025 16:00,21
11/29/2025 17:00,23
11/29/2025 18:00,22
11/29/2025 19:00,24
11/29/2025 20:00,25
11/29/2025 21:00,24
11/29/2025 22:00,19
11/29/2025 23:00,18
11/30/2025 0:00,16
11/30/2025 1:00,14
11/30/2025 2:00,13
11/30/2025 3:00,12
11/30/2025 4:00,12
11/30/2025 5:00,12
11/30/2025 6:00,15
11/30/2025 7:00,16
11/30/2025 8:00,16
11/30/2025 9:00,16
11/30/2025 10:00,16
11/30/2025 11:00,18
11/30/2025 12:00,21
11/30/2025 13:00,22
11/30/2025 14:00,21
11/30/2025 15:00,23
11/30/2025 16:00,24
11/30/2025 17:00,24
11/30/2025 18:00,24
11/30/2025 19:00,24
11/30/2025 20:00,24
11/30/2025 21:00,22
11/30/2025 22:00,17
11/30/2025 23:00,18
12/1/2025 0:00,19
12/1/2025 1:00,19
12/1/2025 2:00,19
12/1/2025 3:00,18
12/1/2025 4:00,17
12/1/2025 5:00,6
12/1/2025 6:00,0
12/1/2025 7:00,0
12/1/2025 8:00,0
12/1/2025 9:00,0
12/1/2025 10:00,2
12/1/2025 11:00,3
12/1/2025 12:00,3
12/1/2025 13:00,3
12/1/2025 14:00,4
12/1/2025 15:00,3
12/1/2025 16:00,3
12/1/2025 17:00,2
12/1/2025 18:00,2
12/1/2025 19:00,1
12/1/2025 20:00,1
12/1/2025 21:00,0
12/1/2025 22:00,0
12/1/2025 23:00,0
12/2/2025 0:00,0
12/2/2025 1:00,1
12/2/2025 2:00,2
12/2/2025 3:00,0
12/2/2025 4:00,0
12/2/2025 5:00,0
12/2/2025 6:00,0
12/2/2025 7:00,0
12/2/2025 8:00,0
12/2/2025 9:00,1
12/2/2025 10:00,2
12/2/2025 11:00,3
12/2/2025 12:00,4
12/2/2025 13:00,4
12/2/2025 14:00,4
12/2/2025 15:00,4
12/2/2025 16:00,3
12/2/2025 17:00,3
12/2/2025 18:00,2
12/2/2025 19:00,1
12/2/2025 20:00,0
12/2/2025 21:00,0
12/2/2025 22:00,0
12/2/2025 23:00,0
12/3/2025 0:00,0
12/3/2025 1:00,0
12/3/2025 2:00,0
12/3/2025 3:00,0
12/3/2025 4:00,0
12/3/2025 5:00,0
12/3/2025 6:00,0
12/3/2025 7:00,0
12/3/2025 8:00,0
12/3/2025 9:00,0
12/3/2025 10:00,0
12/3/2025 11:00,0
12/3/2025 12:00,2
12/3/2025 13:00,2
12/3/2025 14:00,3
12/3/2025 15:00,3
12/3/2025 16:00,3
12/3/2025 17:00,2
12/3/2025 18:00,1
12/3/2025 19:00,0
12/3/2025 20:00,0
12/3/2025 21:00,0
12/3/2025 22:00,0
12/3/2025 23:00,0
12/4/2025 0:00,0
12/4/2025 1:00,0
12/4/2025 2:00,0
12/4/2025 3:00,1
12/4/2025 4:00,1
12/4/2025 5:00,0
12/4/2025 6:00,0
12/4/2025 7:00,0
12/4/2025 8:00,0
12/4/2025 9:00,2
12/4/2025 10:00,3
12/4/2025 11:00,3
12/4/2025 12:00,3
12/4/2025 13:00,3
12/4/2025 14:00,3
12/4/2025 15:00,3
12/4/2025 16:00,2
12/4/2025 17:00,2
12/4/2025 18:00,1
12/4/2025 19:00,1
12/4/2025 20:00,0
12/4/2025 21:00,0
12/4/2025 22:00,0
12/4/2025 23:00,0
12/5/2025 0:00,0
12/5/2025 1:00,2
12/5/2025 2:00,6
12/5/2025 3:00,7
12/5/2025 4:00,9
12/5/2025 5:00,5
12/5/2025 6:00,1
12/5/2025 7:00,0
12/5/2025 8:00,1
12/5/2025 9:00,2
12/5/2025 10:00,8
12/5/2025 11:00,8
12/5/2025 12:00,6
12/5/2025 13:00,5
12/5/2025 14:00,5
12/5/2025 15:00,5
12/5/2025 16:00,4
12/5/2025 17:00,3
12/5/2025 18:00,3
12/5/2025 19:00,2
12/5/2025 20:00,2
12/5/2025 21:00,2
12/5/2025 22:00,0
12/5/2025 23:00,10
12/6/2025 0:00,16
12/6/2025 1:00,19
12/6/2025 2:00,19
12/6/2025 3:00,19
12/6/2025 4:00,19
12/6/2025 5:00,21
12/6/2025 6:00,10
12/6/2025 7:00,4
12/6/2025 8:00,5
12/6/2025 9:00,9
12/6/2025 10:00,19
12/6/2025 11:00,23
12/6/2025 12:00,25
12/6/2025 13:00,26
12/6/2025 14:00,25
12/6/2025 15:00,27
12/6/2025 16:00,31
12/6/2025 17:00,30
12/6/2025 18:00,29
12/6/2025 19:00,29
12/6/2025 20:00,22
12/6/2025 21:00,24
12/6/2025 22:00,25
12/6/2025 23:00,25
12/7/2025 0:00,22
12/7/2025 1:00,19
12/7/2025 2:00,18
12/7/2025 3:00,17
12/7/2025 4:00,18
12/7/2025 5:00,19
12/7/2025 6:00,12
12/7/2025 7:00,17
12/7/2025 8:00,21
12/7/2025 9:00,25
12/7/2025 10:00,28
12/7/2025 11:00,28
12/7/2025 12:00,30
12/7/2025 13:00,30
12/7/2025 14:00,32
12/7/2025 15:00,33
12/7/2025 16:00,32
12/7/2025 17:00,31
12/7/2025 18:00,29
12/7/2025 19:00,21
12/7/2025 20:00,10
12/7/2025 21:00,6
12/7/2025 22:00,14
12/7/2025 23:00,20
12/8/2025 0:00,23
12/8/2025 1:00,22
12/8/2025 2:00,21
12/8/2025 3:00,20
12/8/2025 4:00,18
12/8/2025 5:00,9
12/8/2025 6:00,3
12/8/2025 7:00,1
12/8/2025 8:00,1
12/8/2025 9:00,2
12/8/2025 10:00,3
12/8/2025 11:00,3
12/8/2025 12:00,3
12/8/2025 13:00,3
12/8/2025 14:00,3
12/8/2025 15:00,3
12/8/2025 16:00,2
12/8/2025 17:00,2
12/8/2025 18:00,1
12/8/2025 19:00,0
12/8/2025 20:00,0
12/8/2025 21:00,0
12/8/2025 22:00,0
12/8/2025 23:00,0
12/9/2025 0:00,6
12/9/2025 1:00,13
12/9/2025 2:00,17
12/9/2025 3:00,15
12/9/2025 4:00,11
12/9/2025 5:00,7
12/9/2025 6:00,2
12/9/2025 7:00,0
12/9/2025 8:00,2
12/9/2025 9:00,8
12/9/2025 10:00,11
12/9/2025 11:00,14
12/9/2025 12:00,10
12/9/2025 13:00,7
12/9/2025 14:00,5
12/9/2025 15:00,5
12/9/2025 16:00,4
12/9/2025 17:00,3
12/9/2025 18:00,2
12/9/2025 19:00,3
12/9/2025 20:00,2
12/9/2025 21:00,1
12/9/2025 22:00,10
12/9/2025 23:00,17
12/10/2025 0:00,17
12/10/2025 1:00,17
12/10/2025 2:00,17
12/10/2025 3:00,18
12/10/2025 4:00,17
12/10/2025 5:00,12
12/10/2025 6:00,4
12/10/2025 7:00,3
12/10/2025 8:00,6
12/10/2025 9:00,6
12/10/2025 10:00,6
12/10/2025 11:00,5
12/10/2025 12:00,5
12/10/2025 13:00,4
12/10/2025 14:00,4
12/10/2025 15:00,4
12/10/2025 16:00,4
12/10/2025 17:00,5
12/10/2025 18:00,3
12/10/2025 19:00,1
12/10/2025 20:00,4
12/10/2025 21:00,10
12/10/2025 22:00,13
12/10/2025 23:00,13
12/11/2025 0:00,14
12/11/2025 1:00,16
12/11/2025 2:00,16
12/11/2025 3:00,19
12/11/2025 4:00,19
12/11/2025 5:00,17
12/11/2025 6:00,7
12/11/2025 7:00,2
12/11/2025 8:00,5
12/11/2025 9:00,6
12/11/2025 10:00,5
12/11/2025 11:00,5
12/11/2025 12:00,4
12/11/2025 13:00,4
12/11/2025 14:00,4
12/11/2025 15:00,4
12/11/2025 16:00,3
12/11/2025 17:00,3
12/11/2025 18:00,2
12/11/2025 19:00,1
12/11/2025 20:00,0
12/11/2025 21:00,0
12/11/2025 22:00,0
12/11/2025 23:00,0
12/12/2025 0:00,0
12/12/2025 1:00,0
12/12/2025 2:00,0
12/12/2025 3:00,0
12/12/2025 4:00,0
12/12/2025 5:00,0
12/12/2025 6:00,0
12/12/2025 7:00,0
12/12/2025 8:00,0
12/12/2025 9:00,16
12/12/2025 10:00,28
12/12/2025 11:00,23
12/12/2025 12:00,14
12/12/2025 13:00,10
12/12/2025 14:00,8
12/12/2025 15:00,7
12/12/2025 16:00,14
12/12/2025 17:00,22
12/12/2025 18:00,33
12/12/2025 19:00,57
12/12/2025 20:00,73
12/12/2025 21:00,66
12/12/2025 22:00,60
12/12/2025 23:00,83
12/13/2025 0:00,88
12/13/2025 1:00,72
12/13/2025 2:00,61
12/13/2025 3:00,55
12/13/2025 4:00,56
12/13/2025 5:00,53
12/13/2025 6:00,61
12/13/2025 7:00,72
12/13/2025 8:00,65
12/13/2025 9:00,48
12/13/2025 10:00,38
12/13/2025 11:00,32
12/13/2025 12:00,26
12/13/2025 13:00,19
12/13/2025 14:00,13
12/13/2025 15:00,10
12/13/2025 16:00,9
12/13/2025 17:00,13
12/13/2025 18:00,28
12/13/2025 19:00,34
12/13/2025 20:00,34
12/13/2025 21:00,35
12/13/2025 22:00,52
12/13/2025 23:00,64
12/14/2025 0:00,60
12/14/2025 1:00,53
12/14/2025 2:00,45
12/14/2025 3:00,36
12/14/2025 4:00,27
12/14/2025 5:00,26
12/14/2025 6:00,25
12/14/2025 7:00,20
12/14/2025 8:00,17
12/14/2025 9:00,16
12/14/2025 10:00,14
12/14/2025 11:00,14
12/14/2025 12:00,9
12/14/2025 13:00,6
12/14/2025 14:00,4
12/14/2025 15:00,3
12/14/2025 16:00,4
12/14/2025 17:00,7
12/14/2025 18:00,22
12/14/2025 19:00,31
12/14/2025 20:00,37
12/14/2025 21:00,38
12/14/2025 22:00,46
12/14/2025 23:00,46
12/15/2025 0:00,44
12/15/2025 1:00,42
12/15/2025 2:00,40
12/15/2025 3:00,24
12/15/2025 4:00,12
12/15/2025 5:00,7
12/15/2025 6:00,21
12/15/2025 7:00,37
12/15/2025 8:00,33
12/15/2025 9:00,27
12/15/2025 10:00,15
12/15/2025 11:00,10
12/15/2025 12:00,7
12/15/2025 13:00,6
12/15/2025 14:00,5
12/15/2025 15:00,5
12/15/2025 16:00,8
12/15/2025 17:00,17
12/15/2025 18:00,30
12/15/2025 19:00,48
12/15/2025 20:00,66
12/15/2025 21:00,66
12/15/2025 22:00,50
12/15/2025 23:00,44
12/16/2025 0:00,40
12/16/2025 1:00,41
12/16/2025 2:00,35
12/16/2025 3:00,23
12/16/2025 4:00,27
12/16/2025 5:00,30
12/16/2025 6:00,38
12/16/2025 7:00,42
12/16/2025 8:00,37
12/16/2025 9:00,28
12/16/2025 10:00,17
12/16/2025 11:00,12
12/16/2025 12:00,9
12/16/2025 13:00,8
12/16/2025 14:00,7
12/16/2025 15:00,7
12/16/2025 16:00,12
12/16/2025 17:00,16
12/16/2025 18:00,32
12/16/2025 19:00,58
12/16/2025 20:00,70
12/16/2025 21:00,69
12/16/2025 22:00,65
12/16/2025 23:00,61
12/17/2025 0:00,78
12/17/2025 1:00,109
12/17/2025 2:00,121
12/17/2025 3:00,116
12/17/2025 4:00,117
12/17/2025 5:00,120
12/17/2025 6:00,102
12/17/2025 7:00,90
12/17/2025 8:00,68
12/17/2025 9:00,48
12/17/2025 10:00,38
12/17/2025 11:00,28
12/17/2025 12:00,19
12/17/2025 13:00,15
12/17/2025 14:00,12
12/17/2025 15:00,10
12/17/2025 16:00,17
12/17/2025 17:00,21
12/17/2025 18:00,24
12/17/2025 19:00,44
12/17/2025 20:00,55
12/17/2025 21:00,47
12/17/2025 22:00,43
12/17/2025 23:00,49
12/18/2025 0:00,54
12/18/2025 1:00,54
12/18/2025 2:00,54
12/18/2025 3:00,54
12/18/2025 4:00,60
12/18/2025 5:00,68
12/18/2025 6:00,67
12/18/2025 7:00,85
12/18/2025 8:00,78
12/18/2025 9:00,66
12/18/2025 10:00,59
12/18/2025 11:00,53
12/18/2025 12:00,34
12/18/2025 13:00,23
12/18/2025 14:00,13
12/18/2025 15:00,10
12/18/2025 16:00,11
12/18/2025 17:00,23
12/18/2025 18:00,30
12/18/2025 19:00,48
12/18/2025 20:00,63
12/18/2025 21:00,76
12/18/2025 22:00,95
12/18/2025 23:00,92
12/19/2025 0:00,72
12/19/2025 1:00,65
12/19/2025 2:00,75
12/19/2025 3:00,77
12/19/2025 4:00,67
12/19/2025 5:00,66
12/19/2025 6:00,59
12/19/2025 7:00,62
12/19/2025 8:00,58
12/19/2025 9:00,58
12/19/2025 10:00,56
12/19/2025 11:00,53
12/19/2025 12:00,46
12/19/2025 13:00,36
12/19/2025 14:00,27
12/19/2025 15:00,20
12/19/2025 16:00,16
12/19/2025 17:00,20
12/19/2025 18:00,28
12/19/2025 19:00,37
12/19/2025 20:00,44
12/19/2025 21:00,45
12/19/2025 22:00,42
12/19/2025 23:00,41
12/20/2025 0:00,39
12/20/2025 1:00,39
12/20/2025 2:00,38
12/20/2025 3:00,37
12/20/2025 4:00,45
12/20/2025 5:00,39
12/20/2025 6:00,35
12/20/2025 7:00,33
12/20/2025 8:00,29
12/20/2025 9:00,36
12/20/2025 10:00,25
12/20/2025 11:00,19
12/20/2025 12:00,13
12/20/2025 13:00,9
12/20/2025 14:00,7
12/20/2025 15:00,5
12/20/2025 16:00,8
12/20/2025 17:00,15
12/20/2025 18:00,19
12/20/2025 19:00,23
12/20/2025 20:00,25
12/20/2025 21:00,24
12/20/2025 22:00,28
12/20/2025 23:00,55
12/21/2025 0:00,68
12/21/2025 1:00,68
12/21/2025 2:00,58
12/21/2025 3:00,53
12/21/2025 4:00,91
12/21/2025 5:00,110
12/21/2025 6:00,98
12/21/2025 7:00,90
12/21/2025 8:00,61
12/21/2025 9:00,46
12/21/2025 10:00,33
12/21/2025 11:00,23
12/21/2025 12:00,17
12/21/2025 13:00,14
12/21/2025 14:00,11
12/21/2025 15:00,8
12/21/2025 16:00,7
12/21/2025 17:00,15
12/21/2025 18:00,19
12/21/2025 19:00,21
12/21/2025 20:00,24
12/21/2025 21:00,27
12/21/2025 22:00,30
12/21/2025 23:00,37
12/22/2025 0:00,44
12/22/2025 1:00,43
12/22/2025 2:00,38
12/22/2025 3:00,36
12/22/2025 4:00,33
12/22/2025 5:00,31
12/22/2025 6:00,30
12/22/2025 7:00,34
12/22/2025 8:00,39
12/22/2025 9:00,36
12/22/2025 10:00,25
12/22/2025 11:00,17
12/22/2025 12:00,11
12/22/2025 13:00,8
12/22/2025 14:00,6
12/22/2025 15:00,6
12/22/2025 16:00,7
12/22/2025 17:00,14
12/22/2025 18:00,32
12/22/2025 19:00,26
12/22/2025 20:00,23
12/22/2025 21:00,21
12/22/2025 22:00,26
12/22/2025 23:00,38
12/23/2025 0:00,63
12/23/2025 1:00,67
12/23/2025 2:00,65
12/23/2025 3:00,61
12/23/2025 4:00,63
12/23/2025 5:00,64
12/23/2025 6:00,62
12/23/2025 7:00,54
12/23/2025 8:00,47
12/23/2025 9:00,42
12/23/2025 10:00,40
12/23/2025 11:00,43
12/23/2025 12:00,46
12/23/2025 13:00,57
12/23/2025 14:00,45
12/23/2025 15:00,29
12/23/2025 16:00,20
12/23/2025 17:00,20
12/23/2025 18:00,23
12/23/2025 19:00,29
12/23/2025 20:00,26
12/23/2025 21:00,22
12/23/2025 22:00,20
12/23/2025 23:00,20
12/24/2025 0:00,21
12/24/2025 1:00,23
12/24/2025 2:00,23
12/24/2025 3:00,25
12/24/2025 4:00,26
12/24/2025 5:00,27
12/24/2025 6:00,29
12/24/2025 7:00,31
12/24/2025 8:00,33
12/24/2025 9:00,33
12/24/2025 10:00,33
12/24/2025 11:00,33
12/24/2025 12:00,32
12/24/2025 13:00,27
12/24/2025 14:00,22
12/24/2025 15:00,15
12/24/2025 16:00,9
12/24/2025 17:00,17
12/24/2025 18:00,29
12/24/2025 19:00,32
12/24/2025 20:00,33
12/24/2025 21:00,48
12/24/2025 22:00,47
12/24/2025 23:00,43
12/25/2025 0:00,42
12/25/2025 1:00,42
12/25/2025 2:00,31
12/25/2025 3:00,25
12/25/2025 4:00,25
12/25/2025 5:00,24
12/25/2025 6:00,23
12/25/2025 7:00,28
12/25/2025 8:00,16
12/25/2025 9:00,6
12/25/2025 10:00,3
12/25/2025 11:00,1
12/25/2025 12:00,0
12/25/2025 13:00,0
12/25/2025 14:00,0
12/25/2025 15:00,0
12/25/2025 16:00,0
12/25/2025 17:00,2
12/25/2025 18:00,14
12/25/2025 19:00,13
12/25/2025 20:00,20
12/25/2025 21:00,22
12/25/2025 22:00,22
12/25/2025 23:00,27
12/26/2025 0:00,12
12/26/2025 1:00,6
12/26/2025 2:00,10
12/26/2025 3:00,17
12/26/2025 4:00,25
12/26/2025 5:00,49
12/26/2025 6:00,86
12/26/2025 7:00,73
12/26/2025 8:00,51
12/26/2025 9:00,27
12/26/2025 10:00,17
12/26/2025 11:00,10
12/26/2025 12:00,71
12/26/2025 12:00,6
12/26/2025 13:00,39
12/26/2025 13:00,4
12/26/2025 14:00,26
12/26/2025 14:00,3
12/26/2025 15:00,16
12/26/2025 15:00,2
12/26/2025 16:00,11
12/26/2025 16:00,2
12/26/2025 17:00,9
12/26/2025 17:00,7
12/26/2025 18:00,16
12/26/2025 18:00,16
12/26/2025 19:00,30
12/26/2025 19:00,34
12/26/2025 20:00,21
12/26/2025 20:00,41
12/26/2025 21:00,14
12/26/2025 21:00,41
12/26/2025 22:00,12
12/26/2025 22:00,38
12/26/2025 23:00,18
12/26/2025 23:00,31
12/27/2025 0:00,16
12/27/2025 0:00,28
12/27/2025 1:00,8
12/27/2025 1:00,23
12/27/2025 2:00,2
12/27/2025 2:00,10
12/27/2025 3:00,0
12/27/2025 3:00,3
12/27/2025 4:00,0
12/27/2025 4:00,0
12/27/2025 5:00,0
12/27/2025 5:00,0
12/27/2025 6:00,0
12/27/2025 6:00,2
12/27/2025 7:00,0
12/27/2025 8:00,0
12/27/2025 9:00,0
12/27/2025 10:00,1
12/27/2025 11:00,2
12/27/2025 12:00,2
12/27/2025 13:00,1
12/27/2025 14:00,1
12/27/2025 15:00,2
12/27/2025 16:00,2
12/27/2025 17:00,4
12/27/2025 18:00,9
12/27/2025 19:00,17
12/27/2025 20:00,22
12/27/2025 21:00,18
12/27/2025 22:00,12
12/27/2025 23:00,11
12/28/2025 0:00,9
12/28/2025 1:00,7
12/28/2025 2:00,4
12/28/2025 3:00,2
12/28/2025 4:00,3
12/28/2025 5:00,3
12/28/2025 6:00,3
12/28/2025 7:00,5
12/28/2025 8:00,4
12/28/2025 9:00,2
12/28/2025 10:00,1
12/28/2025 11:00,0
12/28/2025 12:00,0
12/28/2025 13:00,0
12/28/2025 14:00,0
12/28/2025 15:00,0
12/28/2025 16:00,1
12/28/2025 17:00,7
12/28/2025 18:00,22
12/28/2025 19:00,35
12/28/2025 20:00,40
12/28/2025 21:00,29
12/28/2025 22:00,18
12/28/2025 23:00,12
12/29/2025 0:00,7
12/29/2025 1:00,3
12/29/2025 2:00,0
12/29/2025 3:00,0
12/29/2025 4:00,3
12/29/2025 5:00,2
12/29/2025 6:00,7
12/29/2025 7:00,13
12/29/2025 8:00,10
12/29/2025 9:00,6
12/29/2025 10:00,4
12/29/2025 11:00,3
12/29/2025 12:00,3
12/29/2025 13:00,3
12/29/2025 14:00,4
12/29/2025 15:00,5
12/29/2025 16:00,5
12/29/2025 17:00,8
12/29/2025 18:00,10
12/29/2025 19:00,11
12/29/2025 20:00,9
12/29/2025 21:00,7
12/29/2025 22:00,6
12/29/2025 23:00,5
12/30/2025 0:00,3
12/30/2025 1:00,2
12/30/2025 2:00,3
12/30/2025 3:00,3
12/30/2025 4:00,7
12/30/2025 5:00,6
12/30/2025 6:00,6
12/30/2025 7:00,10
12/30/2025 8:00,9
12/30/2025 9:00,7
12/30/2025 10:00,5
12/30/2025 11:00,5
12/30/2025 12:00,7
12/30/2025 13:00,6
12/30/2025 14:00,5
12/30/2025 15:00,5
12/30/2025 16:00,6
12/30/2025 16:00,7
12/30/2025 17:00,6
12/30/2025 17:00,9
12/30/2025 18:00,6
12/30/2025 18:00,10
12/30/2025 19:00,12
12/30/2025 19:00,12
12/30/2025 20:00,17
12/30/2025 20:00,14
12/30/2025 21:00,12
12/30/2025 21:00,12
12/30/2025 22:00,9
12/30/2025 22:00,12
12/30/2025 23:00,9
12/30/2025 23:00,12
12/31/2025 0:00,8
12/31/2025 0:00,9
12/31/2025 1:00,6
12/31/2025 1:00,9
12/31/2025 2:00,4
12/31/2025 2:00,7
12/31/2025 3:00,3
12/31/2025 3:00,7
12/31/2025 4:00,3
12/31/2025 4:00,6
12/31/2025 5:00,6
12/31/2025 5:00,19
12/31/2025 6:00,8
12/31/2025 6:00,25
12/31/2025 7:00,15
12/31/2025 7:00,33
12/31/2025 8:00,24
12/31/2025 8:00,39
12/31/2025 9:00,24
12/31/2025 9:00,30
12/31/2025 10:00,17
12/31/2025 10:00,20
12/31/2025 11:00,10
12/31/2025 11:00,17
12/31/2025 12:00,8
12/31/2025 12:00,14
12/31/2025 13:00,10
12/31/2025 13:00,16
12/31/2025 14:00,14
12/31/2025 14:00,18
12/31/2025 15:00,14
12/31/2025 15:00,18
12/31/2025 16:00,6
12/31/2025 16:00,9
12/31/2025 17:00,1
12/31/2025 17:00,3
12/31/2025 18:00,0
12/31/2025 18:00,0
12/31/2025 19:00,0
12/31/2025 19:00,0
12/31/2025 20:00,0
12/31/2025 20:00,0
12/31/2025 21:00,0
12/31/2025 21:00,0
12/31/2025 22:00,1
12/31/2025 22:00,3
12/31/2025 23:00,12
12/31/2025 23:00,9
1/1/2026 0:00,16
1/1/2026 0:00,16
1/1/2026 1:00,22
1/1/2026 1:00,20
1/1/2026 2:00,26
1/1/2026 2:00,24
1/1/2026 3:00,28
1/1/2026 3:00,42
1/1/2026 4:00,30
1/1/2026 4:00,55
1/1/2026 5:00,29
1/1/2026 5:00,59
1/1/2026 6:00,24
1/1/2026 6:00,65
1/1/2026 7:00,18
1/1/2026 7:00,54
1/1/2026 8:00,10
1/1/2026 8:00,37
1/1/2026 9:00,5
1/1/2026 9:00,26
1/1/2026 10:00,0
1/1/2026 10:00,16
1/1/2026 11:00,0
1/1/2026 11:00,11
1/1/2026 12:00,0
1/1/2026 12:00,7
1/1/2026 13:00,0
1/1/2026 13:00,5
1/1/2026 14:00,0
1/1/2026 14:00,5
1/1/2026 15:00,0
1/1/2026 15:00,4
1/1/2026 16:00,0
1/1/2026 16:00,5
1/1/2026 17:00,4
1/1/2026 17:00,7
1/1/2026 18:00,2
1/1/2026 18:00,6
1/1/2026 19:00,2
1/1/2026 19:00,6
1/1/2026 20:00,2
1/1/2026 20:00,6
1/1/2026 21:00,3
1/1/2026 21:00,5
1/1/2026 22:00,1
1/1/2026 22:00,6
1/1/2026 23:00,0
1/1/2026 23:00,9
1/2/2026 0:00,0
1/2/2026 0:00,6
1/2/2026 1:00,3
1/2/2026 1:00,7
1/2/2026 2:00,10
1/2/2026 2:00,19
1/2/2026 3:00,9
1/2/2026 3:00,29
1/2/2026 4:00,5
1/2/2026 4:00,34
1/2/2026 5:00,1
1/2/2026 5:00,34
1/2/2026 6:00,0
1/2/2026 6:00,32
1/2/2026 7:00,0
1/2/2026 7:00,29
1/2/2026 8:00,3
1/2/2026 8:00,21
1/2/2026 9:00,2
1/2/2026 9:00,13
1/2/2026 10:00,1
1/2/2026 10:00,9
1/2/2026 11:00,2
1/2/2026 11:00,7
1/2/2026 12:00,7
1/2/2026 13:00,7
1/2/2026 14:00,8
1/2/2026 14:00,7
1/2/2026 15:00,7
1/2/2026 15:00,6
1/2/2026 16:00,6
1/2/2026 16:00,7
1/2/2026 17:00,7
1/2/2026 17:00,9
1/2/2026 18:00,7
1/2/2026 18:00,12
1/2/2026 19:00,6
1/2/2026 19:00,15
1/2/2026 20:00,7
1/2/2026 20:00,15
1/2/2026 21:00,7
1/2/2026 21:00,18
1/2/2026 22:00,13
1/2/2026 22:00,19
1/2/2026 23:00,22
1/2/2026 23:00,22
1/3/2026 0:00,23
1/3/2026 0:00,28
1/3/2026 1:00,26
1/3/2026 1:00,28
1/3/2026 2:00,28
1/3/2026 2:00,27
1/3/2026 3:00,27
1/3/2026 3:00,27
1/3/2026 4:00,28
1/3/2026 4:00,26
1/3/2026 5:00,27
1/3/2026 5:00,25
1/3/2026 6:00,22
1/3/2026 6:00,24
1/3/2026 7:00,18
1/3/2026 7:00,20
1/3/2026 8:00,19
1/3/2026 8:00,20
1/3/2026 9:00,16
1/3/2026 9:00,19
1/3/2026 10:00,10
1/3/2026 10:00,20
1/3/2026 11:00,5
1/3/2026 11:00,13
1/3/2026 12:00,2
1/3/2026 12:00,7
1/3/2026 13:00,0
1/3/2026 13:00,4
1/3/2026 14:00,0
1/3/2026 14:00,3
1/3/2026 15:00,2
1/3/2026 15:00,3
1/3/2026 16:00,4
1/3/2026 16:00,6
1/3/2026 17:00,10
1/3/2026 17:00,13
1/3/2026 18:00,19
1/3/2026 18:00,23
1/3/2026 19:00,26
1/3/2026 19:00,29
1/3/2026 20:00,31
1/3/2026 20:00,34
1/3/2026 21:00,35
1/3/2026 21:00,38
1/3/2026 22:00,36
1/3/2026 22:00,35
1/3/2026 23:00,37
1/3/2026 23:00,35
1/4/2026 0:00,37
1/4/2026 0:00,35
1/4/2026 1:00,35
1/4/2026 1:00,34
1/4/2026 2:00,34
1/4/2026 2:00,31
1/4/2026 3:00,32
1/4/2026 3:00,35
1/4/2026 4:00,32
1/4/2026 4:00,75
1/4/2026 5:00,32
1/4/2026 5:00,88
1/4/2026 6:00,33
1/4/2026 6:00,75
1/4/2026 7:00,33
1/4/2026 7:00,58
1/4/2026 8:00,31
1/4/2026 8:00,45
1/4/2026 9:00,28
1/4/2026 9:00,31
1/4/2026 10:00,17
1/4/2026 10:00,19
1/4/2026 11:00,11
1/4/2026 11:00,12
1/4/2026 12:00,7
1/4/2026 12:00,7
1/4/2026 13:00,5
1/4/2026 13:00,5
1/4/2026 14:00,4
1/4/2026 14:00,3
1/4/2026 15:00,3
1/4/2026 15:00,2
1/4/2026 16:00,2
1/4/2026 16:00,2
1/4/2026 17:00,4
1/4/2026 17:00,5
1/4/2026 18:00,4
1/4/2026 18:00,14
1/4/2026 19:00,4
1/4/2026 19:00,21
1/4/2026 20:00,9
1/4/2026 20:00,16
1/4/2026 21:00,15
1/4/2026 21:00,18
1/4/2026 22:00,19
1/4/2026 22:00,23
1/4/2026 23:00,20
1/4/2026 23:00,18
1/5/2026 0:00,16
1/5/2026 0:00,8
1/5/2026 1:00,10
1/5/2026 1:00,5
1/5/2026 2:00,10
1/5/2026 2:00,11
1/5/2026 3:00,9
1/5/2026 3:00,16
1/5/2026 4:00,5
1/5/2026 4:00,13
1/5/2026 5:00,2
1/5/2026 5:00,10
1/5/2026 6:00,0
1/5/2026 6:00,17
1/5/2026 7:00,2
1/5/2026 7:00,18
1/5/2026 8:00,5
1/5/2026 8:00,14
1/5/2026 9:00,3
1/5/2026 9:00,11
1/5/2026 10:00,2
1/5/2026 10:00,8
1/5/2026 11:00,2
1/5/2026 11:00,6
1/5/2026 12:00,3
1/5/2026 12:00,5
1/5/2026 13:00,3
1/5/2026 13:00,4
1/5/2026 14:00,2
1/5/2026 14:00,4
1/5/2026 15:00,2
1/5/2026 15:00,3
1/5/2026 16:00,2
1/5/2026 16:00,3
1/5/2026 17:00,4
1/5/2026 17:00,6
1/5/2026 18:00,7
1/5/2026 18:00,11
1/5/2026 19:00,7
1/5/2026 19:00,16
1/5/2026 20:00,11
1/5/2026 20:00,18
1/5/2026 21:00,15
1/5/2026 21:00,21
1/5/2026 22:00,15
1/5/2026 22:00,24
1/5/2026 23:00,11
1/5/2026 23:00,29
1/6/2026 0:00,7
1/6/2026 0:00,30
1/6/2026 1:00,5
1/6/2026 1:00,31
1/6/2026 2:00,11
1/6/2026 2:00,34
1/6/2026 3:00,24
1/6/2026 3:00,36
1/6/2026 4:00,32
1/6/2026 4:00,41
1/6/2026 5:00,16
1/6/2026 5:00,36
1/6/2026 6:00,15
1/6/2026 6:00,30
1/6/2026 7:00,10
1/6/2026 7:00,22
1/6/2026 8:00,8
1/6/2026 8:00,14
1/6/2026 9:00,4
1/6/2026 9:00,9
1/6/2026 10:00,2
1/6/2026 10:00,6
1/6/2026 11:00,0
1/6/2026 11:00,5
1/6/2026 12:00,0
1/6/2026 12:00,3
1/6/2026 13:00,0
1/6/2026 13:00,3
1/6/2026 14:00,0
1/6/2026 14:00,2
1/6/2026 15:00,0
1/6/2026 15:00,2
1/6/2026 16:00,0
1/6/2026 16:00,2
1/6/2026 17:00,5
1/6/2026 17:00,3
1/6/2026 18:00,2
1/6/2026 18:00,7
1/6/2026 19:00,0
1/6/2026 19:00,5
1/6/2026 20:00,0
1/6/2026 20:00,1
1/6/2026 21:00,0
1/6/2026 21:00,0
1/6/2026 22:00,1
1/6/2026 22:00,0
1/6/2026 23:00,8
1/6/2026 23:00,13
1/7/2026 0:00,8
1/7/2026 0:00,20
1/7/2026 1:00,9
1/7/2026 1:00,16
1/7/2026 2:00,15
1/7/2026 2:00,25
1/7/2026 3:00,19
1/7/2026 3:00,29
1/7/2026 4:00,24
1/7/2026 4:00,31
1/7/2026 5:00,32
1/7/2026 5:00,34
1/7/2026 6:00,36
1/7/2026 6:00,33
1/7/2026 7:00,37
1/7/2026 7:00,31
1/7/2026 8:00,34
1/7/2026 8:00,27
1/7/2026 9:00,16
1/7/2026 9:00,16
1/7/2026 10:00,7
1/7/2026 10:00,7
1/7/2026 11:00,2
1/7/2026 11:00,4
1/7/2026 12:00,0
1/7/2026 12:00,3
1/7/2026 13:00,0
1/7/2026 13:00,3
1/7/2026 14:00,0
1/7/2026 14:00,2
1/7/2026 15:00,0
1/7/2026 15:00,2
1/7/2026 16:00,0
1/7/2026 16:00,3
1/7/2026 17:00,0
1/7/2026 17:00,3
1/7/2026 18:00,5
1/7/2026 18:00,12
1/7/2026 19:00,7
1/7/2026 19:00,11
1/7/2026 20:00,7
1/7/2026 20:00,12
1/7/2026 21:00,8
1/7/2026 21:00,21
1/7/2026 22:00,11
1/7/2026 22:00,15
1/7/2026 23:00,13
1/7/2026 23:00,15
1/8/2026 0:00,18
1/8/2026 0:00,12
1/8/2026 1:00,24
1/8/2026 1:00,9
1/8/2026 2:00,25
1/8/2026 2:00,12
1/8/2026 3:00,29
1/8/2026 3:00,12
1/8/2026 4:00,30
1/8/2026 4:00,10
1/8/2026 5:00,25
1/8/2026 5:00,8
1/8/2026 6:00,18
1/8/2026 6:00,8
1/8/2026 7:00,16
1/8/2026 7:00,10
1/8/2026 8:00,17
1/8/2026 8:00,17
1/8/2026 9:00,18
1/8/2026 9:00,19
1/8/2026 10:00,12
1/8/2026 10:00,14
1/8/2026 11:00,8
1/8/2026 11:00,12
1/8/2026 12:00,6
1/8/2026 12:00,8
1/8/2026 13:00,5
1/8/2026 13:00,7
1/8/2026 14:00,5
1/8/2026 14:00,6
1/8/2026 15:00,5
1/8/2026 15:00,5
1/8/2026 16:00,5
1/8/2026 16:00,4
1/8/2026 17:00,4
1/8/2026 17:00,4
1/8/2026 18:00,3
1/8/2026 18:00,3
1/8/2026 19:00,2
1/8/2026 19:00,3
1/8/2026 20:00,1
1/8/2026 20:00,2
1/8/2026 21:00,0
1/8/2026 21:00,0
1/8/2026 22:00,2
1/8/2026 22:00,2
1/8/2026 23:00,3
1/8/2026 23:00,4
1/9/2026 0:00,3
1/9/2026 0:00,4
1/9/2026 1:00,3
1/9/2026 1:00,3
1/9/2026 2:00,2
1/9/2026 2:00,3
1/9/2026 3:00,2
1/9/2026 3:00,2
1/9/2026 4:00,1
1/9/2026 4:00,2
1/9/2026 5:00,0
1/9/2026 5:00,1
1/9/2026 6:00,2
1/9/2026 6:00,2
1/9/2026 7:00,4
1/9/2026 7:00,3
1/9/2026 8:00,3
1/9/2026 8:00,4
1/9/2026 9:00,3
1/9/2026 9:00,4
1/9/2026 10:00,3
1/9/2026 10:00,5
1/9/2026 11:00,3
1/9/2026 11:00,5
1/9/2026 12:00,3
1/9/2026 12:00,4
1/9/2026 13:00,3
1/9/2026 13:00,4
1/9/2026 14:00,3
1/9/2026 14:00,4
1/9/2026 15:00,4
1/9/2026 15:00,5
1/9/2026 16:00,5
1/9/2026 16:00,7
1/9/2026 17:00,5
1/9/2026 17:00,8
1/9/2026 18:00,9
1/9/2026 18:00,10
1/9/2026 19:00,16
1/9/2026 19:00,15
1/9/2026 20:00,19
1/9/2026 20:00,11
1/9/2026 21:00,17
1/9/2026 21:00,8
1/9/2026 22:00,25
1/9/2026 22:00,7
1/9/2026 23:00,26
1/9/2026 23:00,17
1/10/2026 0:00,27
1/10/2026 1:00,36
1/10/2026 2:00,39
1/10/2026 3:00,44
1/10/2026 4:00,44
1/10/2026 5:00,44
1/10/2026 6:00,30
1/10/2026 6:00,43
1/10/2026 7:00,42
1/10/2026 7:00,34
1/10/2026 8:00,26
1/10/2026 8:00,26
1/10/2026 9:00,15
1/10/2026 9:00,15
1/10/2026 10:00,9
1/10/2026 10:00,9
1/10/2026 11:00,6
1/10/2026 11:00,6
1/10/2026 12:00,4
1/10/2026 12:00,5
1/10/2026 13:00,4
1/10/2026 13:00,4
1/10/2026 14:00,4
1/10/2026 14:00,4
1/10/2026 15:00,4
1/10/2026 15:00,4
1/10/2026 16:00,4
1/10/2026 16:00,4
1/10/2026 17:00,7
1/10/2026 17:00,7
1/10/2026 18:00,11
1/10/2026 18:00,8
1/10/2026 19:00,33
1/10/2026 19:00,7
1/10/2026 20:00,38
1/10/2026 20:00,11
1/10/2026 21:00,39
1/10/2026 21:00,20
1/10/2026 22:00,44
1/10/2026 22:00,25
1/10/2026 23:00,32
1/10/2026 23:00,21
1/11/2026 0:00,29
1/11/2026 1:00,30
1/11/2026 1:00,31
1/11/2026 2:00,28
1/11/2026 2:00,32
1/11/2026 3:00,24
1/11/2026 3:00,69
1/11/2026 4:00,20
1/11/2026 4:00,47
1/11/2026 5:00,16
1/11/2026 5:00,39
1/11/2026 6:00,16
1/11/2026 6:00,28
1/11/2026 7:00,19
1/11/2026 7:00,17
1/11/2026 8:00,16
1/11/2026 8:00,14
1/11/2026 9:00,9
1/11/2026 9:00,9
1/11/2026 10:00,5
1/11/2026 10:00,5
1/11/2026 11:00,4
1/11/2026 11:00,4
1/11/2026 12:00,3
1/11/2026 12:00,4
1/11/2026 13:00,3
1/11/2026 13:00,3
1/11/2026 14:00,3
1/11/2026 14:00,3
1/11/2026 15:00,3
1/11/2026 15:00,3
1/11/2026 16:00,3
1/11/2026 16:00,4
1/11/2026 17:00,8
1/11/2026 17:00,8
1/11/2026 18:00,19
1/11/2026 18:00,11
1/11/2026 19:00,40
1/11/2026 19:00,16
1/11/2026 20:00,42
1/11/2026 20:00,20
1/11/2026 21:00,26
1/11/2026 21:00,16
1/11/2026 22:00,16
1/11/2026 22:00,10
1/11/2026 23:00,10
1/11/2026 23:00,6
1/12/2026 0:00,8
1/12/2026 0:00,6
1/12/2026 1:00,7
1/12/2026 1:00,5
1/12/2026 2:00,8
1/12/2026 2:00,13
1/12/2026 3:00,6
1/12/2026 3:00,11
1/12/2026 4:00,5
1/12/2026 4:00,24
1/12/2026 5:00,15
1/12/2026 5:00,33
1/12/2026 6:00,16
1/12/2026 6:00,38
1/12/2026 7:00,20
1/12/2026 7:00,34
1/12/2026 8:00,16
1/12/2026 8:00,23
1/12/2026 9:00,10
1/12/2026 9:00,15
1/12/2026 10:00,7
1/12/2026 10:00,9
1/12/2026 11:00,5
1/12/2026 11:00,6
1/12/2026 12:00,4
1/12/2026 12:00,5
1/12/2026 13:00,4
1/12/2026 13:00,4
1/12/2026 14:00,3
1/12/2026 14:00,4
1/12/2026 15:00,3
1/12/2026 15:00,4
1/12/2026 16:00,5
1/12/2026 16:00,4
1/12/2026 17:00,6
1/12/2026 17:00,6
1/12/2026 18:00,8
1/12/2026 18:00,7
1/12/2026 19:00,23
1/12/2026 19:00,10
1/12/2026 20:00,49
1/12/2026 20:00,19
1/12/2026 21:00,50
1/12/2026 21:00,46
1/12/2026 22:00,47
1/12/2026 22:00,49
1/12/2026 23:00,46
1/12/2026 23:00,46
1/13/2026 0:00,45
1/13/2026 0:00,46
1/13/2026 1:00,41
1/13/2026 1:00,40
1/13/2026 2:00,30
1/13/2026 2:00,30
1/13/2026 3:00,20
1/13/2026 3:00,18
1/13/2026 4:00,12
1/13/2026 4:00,10
1/13/2026 5:00,9
1/13/2026 5:00,10
1/13/2026 6:00,13
1/13/2026 6:00,29
1/13/2026 7:00,32
1/13/2026 7:00,42
1/13/2026 8:00,39
1/13/2026 8:00,45
1/13/2026 9:00,28
1/13/2026 9:00,31
1/13/2026 10:00,17
1/13/2026 10:00,19
1/13/2026 11:00,10
1/13/2026 11:00,12
1/13/2026 12:00,8
1/13/2026 12:00,8
1/13/2026 13:00,6
1/13/2026 13:00,6
1/13/2026 14:00,5
1/13/2026 14:00,5
1/13/2026 15:00,4
1/13/2026 15:00,4
1/13/2026 16:00,5
1/13/2026 16:00,5
1/13/2026 17:00,8
1/13/2026 17:00,11
1/13/2026 18:00,17
1/13/2026 18:00,17
1/13/2026 19:00,36
1/13/2026 19:00,33
1/13/2026 20:00,43
1/13/2026 20:00,53
1/13/2026 21:00,43
1/13/2026 21:00,58
1/13/2026 22:00,45
1/13/2026 22:00,58
1/13/2026 23:00,49
1/13/2026 23:00,62
1/14/2026 0:00,49
1/14/2026 0:00,52
1/14/2026 1:00,43
1/14/2026 1:00,39
1/14/2026 2:00,34
1/14/2026 2:00,34
1/14/2026 3:00,25
1/14/2026 3:00,23
1/14/2026 4:00,18
1/14/2026 4:00,23
1/14/2026 5:00,16
1/14/2026 5:00,26
1/14/2026 6:00,32
1/14/2026 6:00,32
1/14/2026 7:00,43
1/14/2026 7:00,60
1/14/2026 8:00,30
1/14/2026 8:00,40
1/14/2026 9:00,19
1/14/2026 9:00,24
1/14/2026 10:00,11
1/14/2026 10:00,15
1/14/2026 11:00,8
1/14/2026 11:00,10
1/14/2026 12:00,6
1/14/2026 12:00,7
1/14/2026 13:00,5
1/14/2026 13:00,5
1/14/2026 14:00,5
1/14/2026 14:00,5
1/14/2026 15:00,5
1/14/2026 15:00,4
1/14/2026 16:00,6
1/14/2026 16:00,5
1/14/2026 17:00,14
1/14/2026 17:00,10
1/14/2026 18:00,25
1/14/2026 18:00,20
1/14/2026 19:00,39
1/14/2026 19:00,29
1/14/2026 20:00,50
1/14/2026 20:00,41
1/14/2026 21:00,46
1/14/2026 21:00,53
1/14/2026 22:00,37
1/14/2026 22:00,42
1/14/2026 23:00,23
1/14/2026 23:00,32
1/15/2026 0:00,20
1/15/2026 0:00,36
1/15/2026 1:00,19
1/15/2026 1:00,32
1/15/2026 2:00,24
1/15/2026 2:00,38
1/15/2026 3:00,27
1/15/2026 3:00,35
1/15/2026 4:00,28
1/15/2026 4:00,28
1/15/2026 5:00,29
1/15/2026 5:00,21
1/15/2026 6:00,32
1/15/2026 6:00,27
1/15/2026 7:00,42
1/15/2026 7:00,34
1/15/2026 8:00,49
1/15/2026 9:00,32
1/15/2026 9:00,17
1/15/2026 10:00,18
1/15/2026 10:00,10
1/15/2026 11:00,10
1/15/2026 11:00,7
1/15/2026 12:00,7
1/15/2026 12:00,5
1/15/2026 13:00,5
1/15/2026 13:00,5
1/15/2026 14:00,4
1/15/2026 14:00,4
1/15/2026 15:00,4
1/15/2026 15:00,4
1/15/2026 16:00,4
1/15/2026 16:00,4
1/15/2026 17:00,16
1/15/2026 17:00,11
1/15/2026 18:00,30
1/15/2026 18:00,22
1/15/2026 19:00,47
1/15/2026 19:00,36
1/15/2026 20:00,57
1/15/2026 20:00,54
1/15/2026 21:00,62
1/15/2026 21:00,67
1/15/2026 22:00,62
1/15/2026 22:00,62
1/15/2026 23:00,59
1/15/2026 23:00,46
1/16/2026 0:00,34
1/16/2026 0:00,28
1/16/2026 1:00,19
1/16/2026 1:00,14
1/16/2026 2:00,26
1/16/2026 2:00,12
1/16/2026 3:00,27
1/16/2026 3:00,8
1/16/2026 4:00,15
1/16/2026 4:00,6
1/16/2026 5:00,16
1/16/2026 5:00,5
1/16/2026 6:00,26
1/16/2026 6:00,15
1/16/2026 7:00,31
1/16/2026 7:00,26
1/16/2026 8:00,33
1/16/2026 8:00,24
1/16/2026 9:00,28
1/16/2026 9:00,16
1/16/2026 10:00,16
1/16/2026 10:00,10
1/16/2026 11:00,10
1/16/2026 11:00,8
1/16/2026 12:00,7
1/16/2026 12:00,6
1/16/2026 13:00,5
1/16/2026 13:00,5
1/16/2026 14:00,4
1/16/2026 14:00,5
1/16/2026 15:00,4
1/16/2026 15:00,4
1/16/2026 16:00,5
1/16/2026 16:00,5
1/16/2026 17:00,15
1/16/2026 17:00,10
1/16/2026 18:00,28
1/16/2026 18:00,22
1/16/2026 19:00,49
1/16/2026 19:00,38
1/16/2026 20:00,59
1/16/2026 20:00,48
1/16/2026 21:00,68
1/16/2026 21:00,62
1/16/2026 22:00,83
1/16/2026 22:00,66
1/16/2026 23:00,74
1/16/2026 23:00,56
1/17/2026 0:00,65
1/17/2026 0:00,37
1/17/2026 1:00,42
1/17/2026 1:00,22
1/17/2026 2:00,31
1/17/2026 2:00,17
1/17/2026 3:00,25
1/17/2026 3:00,13
1/17/2026 4:00,22
1/17/2026 4:00,10
1/17/2026 5:00,31
1/17/2026 5:00,12
1/17/2026 6:00,32
1/17/2026 6:00,14
1/17/2026 7:00,38
1/17/2026 7:00,18
1/17/2026 8:00,28
1/17/2026 8:00,15
1/17/2026 9:00,17
1/17/2026 9:00,11
1/17/2026 10:00,10
1/17/2026 10:00,8
1/17/2026 11:00,7
1/17/2026 11:00,6
1/17/2026 12:00,5
1/17/2026 12:00,5
1/17/2026 13:00,5
1/17/2026 13:00,5
1/17/2026 14:00,4
1/17/2026 14:00,4
1/17/2026 15:00,4
1/17/2026 15:00,5
1/17/2026 16:00,4
1/17/2026 16:00,5
1/17/2026 17:00,6
1/17/2026 17:00,10
1/17/2026 18:00,20
1/17/2026 18:00,25
1/17/2026 19:00,30
1/17/2026 19:00,19
1/17/2026 20:00,47
1/17/2026 20:00,36
1/17/2026 21:00,56
1/17/2026 21:00,69
1/17/2026 22:00,60
1/17/2026 22:00,80
1/17/2026 23:00,60
1/17/2026 23:00,72
1/18/2026 0:00,61
1/18/2026 0:00,60
1/18/2026 1:00,62
1/18/2026 1:00,49
1/18/2026 2:00,63
1/18/2026 2:00,44
1/18/2026 3:00,58
1/18/2026 3:00,39
1/18/2026 4:00,56
1/18/2026 4:00,29
1/18/2026 5:00,56
1/18/2026 5:00,27
1/18/2026 6:00,56
1/18/2026 6:00,33
1/18/2026 7:00,57
1/18/2026 7:00,52
1/18/2026 8:00,55
1/18/2026 8:00,33
1/18/2026 9:00,38
1/18/2026 9:00,22
1/18/2026 10:00,22
1/18/2026 10:00,13
1/18/2026 11:00,13
1/18/2026 11:00,9
1/18/2026 12:00,8
1/18/2026 12:00,6
1/18/2026 13:00,6
1/18/2026 13:00,5
1/18/2026 14:00,5
1/18/2026 14:00,4
1/18/2026 15:00,5
1/18/2026 15:00,4
1/18/2026 16:00,6
1/18/2026 16:00,4
1/18/2026 17:00,23
1/18/2026 17:00,7
1/18/2026 18:00,31
1/18/2026 18:00,16
1/18/2026 19:00,48
1/18/2026 19:00,35
1/18/2026 20:00,56
1/18/2026 20:00,54
1/18/2026 21:00,59
1/18/2026 21:00,58
1/18/2026 22:00,57
1/18/2026 22:00,46
1/18/2026 23:00,55
1/18/2026 23:00,52
1/19/2026 0:00,52
1/19/2026 0:00,83
1/19/2026 1:00,49
1/19/2026 1:00,72
1/19/2026 2:00,34
1/19/2026 2:00,53
1/19/2026 3:00,32
1/19/2026 3:00,33
1/19/2026 4:00,29
1/19/2026 4:00,26
1/19/2026 5:00,25
1/19/2026 5:00,17
1/19/2026 6:00,23
1/19/2026 6:00,18
1/19/2026 7:00,26
1/19/2026 7:00,25
1/19/2026 8:00,20
1/19/2026 8:00,22
1/19/2026 9:00,18
1/19/2026 9:00,16
1/19/2026 10:00,13
1/19/2026 10:00,14
1/19/2026 11:00,9
1/19/2026 11:00,10
1/19/2026 12:00,6
1/19/2026 12:00,8
1/19/2026 13:00,5
1/19/2026 13:00,6
1/19/2026 14:00,4
1/19/2026 14:00,6
1/19/2026 15:00,4
1/19/2026 15:00,5
1/19/2026 16:00,4
1/19/2026 16:00,5
1/19/2026 17:00,7
1/19/2026 17:00,10
1/19/2026 18:00,24
1/19/2026 18:00,21
1/19/2026 19:00,38
1/19/2026 19:00,38
1/19/2026 20:00,44
1/19/2026 20:00,53
1/19/2026 21:00,50
1/19/2026 21:00,46
1/19/2026 22:00,51
1/19/2026 22:00,39
1/19/2026 23:00,34
1/19/2026 23:00,28
1/20/2026 0:00,22
1/20/2026 0:00,17
1/20/2026 1:00,21
1/20/2026 1:00,20
1/20/2026 2:00,18
1/20/2026 2:00,22
1/20/2026 3:00,18
1/20/2026 3:00,18
1/20/2026 4:00,24
1/20/2026 4:00,15
1/20/2026 5:00,27
1/20/2026 5:00,14
1/20/2026 6:00,29
1/20/2026 7:00,33
1/20/2026 8:00,31
1/20/2026 8:00,28
1/20/2026 9:00,19
1/20/2026 9:00,20
1/20/2026 10:00,12
1/20/2026 10:00,12
1/20/2026 11:00,8
1/20/2026 11:00,8
1/20/2026 12:00,6
1/20/2026 12:00,6
1/20/2026 13:00,5
1/20/2026 13:00,5
1/20/2026 14:00,4
1/20/2026 14:00,5
1/20/2026 15:00,4
1/20/2026 15:00,4
1/20/2026 16:00,4
1/20/2026 16:00,6
1/20/2026 17:00,6
1/20/2026 17:00,12
1/20/2026 18:00,10
1/20/2026 18:00,18
1/20/2026 19:00,19
1/20/2026 19:00,33
1/20/2026 20:00,32
1/20/2026 20:00,49
1/20/2026 21:00,48
1/20/2026 21:00,56
1/20/2026 22:00,58
1/20/2026 22:00,68
1/20/2026 23:00,63
1/20/2026 23:00,78
1/21/2026 0:00,64
1/21/2026 0:00,93
1/21/2026 1:00,67
1/21/2026 1:00,98
1/21/2026 2:00,64
1/21/2026 2:00,75
1/21/2026 3:00,61
1/21/2026 3:00,53
1/21/2026 4:00,56
1/21/2026 4:00,40
1/21/2026 5:00,54
1/21/2026 5:00,44
1/21/2026 6:00,51
1/21/2026 6:00,41
1/21/2026 7:00,54
1/21/2026 7:00,43
1/21/2026 8:00,51
1/21/2026 8:00,42
1/21/2026 9:00,34
1/21/2026 9:00,28
1/21/2026 10:00,26
1/21/2026 10:00,19
1/21/2026 11:00,18
1/21/2026 11:00,15
1/21/2026 12:00,16
1/21/2026 12:00,11
1/21/2026 13:00,15
1/21/2026 13:00,9
1/21/2026 14:00,15
1/21/2026 14:00,8
1/21/2026 15:00,16
1/21/2026 15:00,7
1/21/2026 16:00,11
1/21/2026 16:00,13
1/21/2026 17:00,13
1/21/2026 17:00,23
1/21/2026 18:00,16
1/21/2026 18:00,36
1/21/2026 19:00,25
1/21/2026 19:00,39
1/21/2026 20:00,21
1/21/2026 20:00,36
1/21/2026 21:00,31
1/21/2026 21:00,38
1/21/2026 22:00,43
1/21/2026 22:00,34
1/21/2026 23:00,46
1/21/2026 23:00,30
1/22/2026 0:00,46
1/22/2026 0:00,41
1/22/2026 1:00,38
1/22/2026 1:00,51
1/22/2026 2:00,32
1/22/2026 2:00,49
1/22/2026 3:00,26
1/22/2026 3:00,48
1/22/2026 4:00,23
1/22/2026 4:00,45
1/22/2026 5:00,21
1/22/2026 5:00,43
1/22/2026 6:00,24
1/22/2026 6:00,41
1/22/2026 7:00,38
1/22/2026 7:00,39
1/22/2026 8:00,38
1/22/2026 8:00,33
1/22/2026 9:00,29
1/22/2026 9:00,26
1/22/2026 10:00,17
1/22/2026 10:00,22
1/22/2026 11:00,10
1/22/2026 11:00,13
1/22/2026 12:00,8
1/22/2026 12:00,9
1/22/2026 13:00,6
1/22/2026 13:00,7
1/22/2026 14:00,5
1/22/2026 14:00,7
1/22/2026 15:00,5
1/22/2026 15:00,8
1/22/2026 16:00,5
1/22/2026 16:00,8
1/22/2026 17:00,8
1/22/2026 17:00,10
1/22/2026 18:00,13
1/22/2026 18:00,24
1/22/2026 19:00,14
1/22/2026 19:00,19
1/22/2026 20:00,10
1/22/2026 20:00,17
1/22/2026 21:00,9
1/22/2026 21:00,17
1/22/2026 22:00,24
1/22/2026 22:00,26
1/22/2026 23:00,40
1/22/2026 23:00,34
1/23/2026 0:00,43
1/23/2026 0:00,44
1/23/2026 1:00,36
1/23/2026 1:00,46
1/23/2026 2:00,40
1/23/2026 2:00,41
1/23/2026 3:00,43
1/23/2026 3:00,35
1/23/2026 4:00,42
1/23/2026 4:00,36
1/23/2026 5:00,33
1/23/2026 5:00,39
1/23/2026 6:00,39
1/23/2026 6:00,36
1/23/2026 7:00,49
1/23/2026 7:00,42
1/23/2026 8:00,50
1/23/2026 8:00,48
1/23/2026 9:00,42
1/23/2026 9:00,46
1/23/2026 10:00,33
1/23/2026 10:00,42
1/23/2026 11:00,23
1/23/2026 11:00,26
1/23/2026 12:00,15
1/23/2026 12:00,18
1/23/2026 13:00,11
1/23/2026 13:00,15
1/23/2026 14:00,10
1/23/2026 14:00,14
1/23/2026 15:00,8
1/23/2026 15:00,15
1/23/2026 16:00,9
1/23/2026 16:00,22
1/23/2026 17:00,17
1/23/2026 17:00,29
1/23/2026 18:00,26
1/23/2026 18:00,28
1/23/2026 19:00,31
1/23/2026 19:00,22
1/23/2026 20:00,22
1/23/2026 20:00,20
1/23/2026 21:00,18
1/23/2026 21:00,18
1/23/2026 22:00,20
1/23/2026 22:00,19
1/23/2026 23:00,17
1/23/2026 23:00,25
1/24/2026 0:00,19
1/24/2026 0:00,25
1/24/2026 1:00,19
1/24/2026 1:00,26
1/24/2026 2:00,18
1/24/2026 2:00,25
1/24/2026 3:00,20
1/24/2026 3:00,23
1/24/2026 4:00,26
1/24/2026 4:00,23
1/24/2026 5:00,29
1/24/2026 5:00,22
1/24/2026 6:00,28
1/24/2026 6:00,22
1/24/2026 7:00,29
1/24/2026 7:00,25
1/24/2026 8:00,31
1/24/2026 8:00,31
1/24/2026 9:00,26
1/24/2026 9:00,30
1/24/2026 10:00,18
1/24/2026 10:00,27
1/24/2026 11:00,11
1/24/2026 11:00,18
1/24/2026 12:00,6
1/24/2026 12:00,10
1/24/2026 13:00,5
1/24/2026 13:00,9
1/24/2026 14:00,4
1/24/2026 14:00,7
1/24/2026 15:00,4
1/24/2026 15:00,5
1/24/2026 16:00,3
1/24/2026 16:00,4
1/24/2026 17:00,4
1/24/2026 17:00,6
1/24/2026 18:00,13
1/24/2026 18:00,5
1/24/2026 19:00,14
1/24/2026 19:00,6
1/24/2026 20:00,22
1/24/2026 20:00,7
1/24/2026 21:00,18
1/24/2026 21:00,9
1/24/2026 22:00,22
1/24/2026 22:00,8
1/24/2026 23:00,17
1/24/2026 23:00,10
1/25/2026 0:00,10
1/25/2026 0:00,7
1/25/2026 1:00,11
1/25/2026 1:00,5
1/25/2026 2:00,17
1/25/2026 2:00,5
1/25/2026 3:00,17
1/25/2026 3:00,8
1/25/2026 4:00,20
1/25/2026 4:00,8
1/25/2026 5:00,24
1/25/2026 5:00,24
1/25/2026 6:00,29
1/25/2026 6:00,33
1/25/2026 7:00,34
1/25/2026 7:00,31
1/25/2026 8:00,26
1/25/2026 8:00,24
1/25/2026 9:00,18
1/25/2026 9:00,15
1/25/2026 10:00,11
1/25/2026 10:00,10
1/25/2026 11:00,8
1/25/2026 11:00,7
1/25/2026 12:00,6
1/25/2026 12:00,6
1/25/2026 13:00,5
1/25/2026 13:00,5
1/25/2026 14:00,5
1/25/2026 14:00,5
1/25/2026 15:00,5
1/25/2026 15:00,5
1/25/2026 16:00,4
1/25/2026 16:00,5
1/25/2026 17:00,5
1/25/2026 17:00,8
1/25/2026 18:00,10
1/25/2026 18:00,18
1/25/2026 19:00,22
1/25/2026 19:00,32
1/25/2026 20:00,36
1/25/2026 20:00,40
1/25/2026 21:00,48
1/25/2026 21:00,55
1/25/2026 22:00,54
1/25/2026 22:00,86
1/25/2026 23:00,57
1/25/2026 23:00,92
1/26/2026 0:00,57
1/26/2026 0:00,80
1/26/2026 1:00,56
1/26/2026 1:00,73
1/26/2026 2:00,52
1/26/2026 2:00,64
1/26/2026 3:00,50
1/26/2026 3:00,50
1/26/2026 4:00,50
1/26/2026 4:00,38
1/26/2026 5:00,50
1/26/2026 5:00,51
1/26/2026 6:00,52
1/26/2026 6:00,59
1/26/2026 7:00,50
1/26/2026 7:00,55
1/26/2026 8:00,33
1/26/2026 8:00,48
1/26/2026 9:00,20
1/26/2026 9:00,32
1/26/2026 10:00,14
1/26/2026 10:00,24
1/26/2026 11:00,10
1/26/2026 11:00,16
1/26/2026 12:00,8
1/26/2026 12:00,11
1/26/2026 13:00,6
1/26/2026 13:00,8
1/26/2026 14:00,5
1/26/2026 14:00,7
1/26/2026 15:00,6
1/26/2026 15:00,7
1/26/2026 16:00,9
1/26/2026 16:00,8
1/26/2026 17:00,14
1/26/2026 17:00,12
1/26/2026 18:00,20
1/26/2026 18:00,22
1/26/2026 19:00,24
1/26/2026 19:00,22
1/26/2026 20:00,26
1/26/2026 20:00,21
1/26/2026 21:00,19
1/26/2026 21:00,20
1/26/2026 22:00,14
1/26/2026 22:00,18
1/26/2026 23:00,13
1/26/2026 23:00,12
1/27/2026 0:00,9
1/27/2026 0:00,9
1/27/2026 1:00,11
1/27/2026 1:00,7
1/27/2026 2:00,11
1/27/2026 2:00,7
1/27/2026 3:00,14
1/27/2026 3:00,7
1/27/2026 4:00,15
1/27/2026 4:00,6
1/27/2026 5:00,14
1/27/2026 5:00,6
1/27/2026 6:00,14
1/27/2026 6:00,6
1/27/2026 7:00,27
1/27/2026 7:00,10
1/27/2026 8:00,24
1/27/2026 8:00,10
1/27/2026 9:00,15
1/27/2026 9:00,9
1/27/2026 10:00,11
1/27/2026 10:00,8
1/27/2026 11:00,8
1/27/2026 11:00,7
1/27/2026 12:00,6
1/27/2026 12:00,6
1/27/2026 13:00,5
1/27/2026 13:00,6
1/27/2026 14:00,5
1/27/2026 14:00,6
1/27/2026 15:00,6
1/27/2026 15:00,11
1/27/2026 16:00,7
1/27/2026 16:00,11
1/27/2026 17:00,12
1/27/2026 17:00,13
1/27/2026 18:00,18
1/27/2026 18:00,25
1/27/2026 19:00,30
1/27/2026 19:00,35
1/27/2026 20:00,54
1/27/2026 20:00,48
1/27/2026 21:00,60
1/27/2026 21:00,55
1/27/2026 22:00,40
1/27/2026 22:00,40
1/27/2026 23:00,28
1/27/2026 23:00,35
1/28/2026 0:00,28
1/28/2026 0:00,42
1/28/2026 1:00,32
1/28/2026 1:00,46
1/28/2026 2:00,27
1/28/2026 2:00,31
1/28/2026 3:00,19
1/28/2026 3:00,22
1/28/2026 4:00,21
1/28/2026 4:00,25
1/28/2026 5:00,21
1/28/2026 5:00,34
1/28/2026 6:00,22
1/28/2026 6:00,33
1/28/2026 7:00,31
1/28/2026 7:00,41
1/28/2026 8:00,38
1/28/2026 8:00,34
1/28/2026 9:00,29
1/28/2026 9:00,22
1/28/2026 10:00,18
1/28/2026 10:00,17
1/28/2026 11:00,11
1/28/2026 11:00,13
1/28/2026 12:00,8
1/28/2026 12:00,9
1/28/2026 13:00,6
1/28/2026 13:00,8
1/28/2026 14:00,6
1/28/2026 14:00,7
1/28/2026 15:00,6
1/28/2026 15:00,7
1/28/2026 16:00,8
1/28/2026 16:00,8
1/28/2026 17:00,14
1/28/2026 17:00,14
1/28/2026 18:00,19
1/28/2026 18:00,23
1/28/2026 19:00,42
1/28/2026 19:00,27
1/28/2026 20:00,54
1/28/2026 20:00,43
1/28/2026 21:00,59
1/28/2026 21:00,51
1/28/2026 22:00,64
1/28/2026 22:00,49
1/28/2026 23:00,45
1/28/2026 23:00,41
1/29/2026 0:00,28
1/29/2026 0:00,23
1/29/2026 1:00,18
1/29/2026 1:00,15
1/29/2026 2:00,10
1/29/2026 2:00,10
1/29/2026 3:00,7
1/29/2026 3:00,10
1/29/2026 4:00,11
1/29/2026 4:00,10
1/29/2026 5:00,12
1/29/2026 5:00,17
1/29/2026 6:00,17
1/29/2026 6:00,19
1/29/2026 7:00,28
1/29/2026 7:00,22
1/29/2026 8:00,31
1/29/2026 8:00,22
1/29/2026 9:00,22
1/29/2026 9:00,18
1/29/2026 10:00,13
1/29/2026 10:00,13
1/29/2026 11:00,8
1/29/2026 11:00,10
1/29/2026 12:00,6
1/29/2026 12:00,7
1/29/2026 13:00,9
1/29/2026 14:00,7
1/29/2026 14:00,8
1/29/2026 15:00,6
1/29/2026 15:00,7
1/29/2026 16:00,7
1/29/2026 16:00,7
1/29/2026 17:00,11
1/29/2026 17:00,12
1/29/2026 18:00,17
1/29/2026 18:00,17
1/29/2026 19:00,31
1/29/2026 19:00,24
1/29/2026 20:00,40
1/29/2026 20:00,33
1/29/2026 21:00,44
1/29/2026 21:00,44
1/29/2026 22:00,34
1/29/2026 22:00,32
1/29/2026 23:00,25
1/29/2026 23:00,22
1/30/2026 0:00,16
1/30/2026 0:00,14
1/30/2026 1:00,18
1/30/2026 1:00,9
1/30/2026 2:00,37
1/30/2026 2:00,35
1/30/2026 3:00,46
1/30/2026 3:00,45
1/30/2026 4:00,46
1/30/2026 4:00,42
1/30/2026 5:00,36
1/30/2026 5:00,24
1/30/2026 6:00,32
1/30/2026 6:00,19
1/30/2026 7:00,36
1/30/2026 7:00,21
1/30/2026 8:00,30
1/30/2026 8:00,27
1/30/2026 9:00,21
1/30/2026 9:00,16
1/30/2026 10:00,14
1/30/2026 10:00,11
1/30/2026 11:00,9
1/30/2026 11:00,8
1/30/2026 12:00,7
1/30/2026 12:00,6
1/30/2026 13:00,6
1/30/2026 13:00,7
1/30/2026 14:00,6
1/30/2026 14:00,7
1/30/2026 15:00,5
1/30/2026 15:00,9
1/30/2026 16:00,5
1/30/2026 16:00,7
1/30/2026 17:00,9
1/30/2026 17:00,9
1/30/2026 18:00,21
1/30/2026 18:00,15
1/30/2026 19:00,34
1/30/2026 19:00,30
1/30/2026 20:00,50
1/30/2026 20:00,47
1/30/2026 21:00,56
1/30/2026 21:00,54
1/30/2026 22:00,57
1/30/2026 22:00,62
1/30/2026 23:00,62
1/30/2026 23:00,69
1/31/2026 0:00,60
1/31/2026 0:00,71
1/31/2026 1:00,55
1/31/2026 1:00,59
1/31/2026 2:00,49
1/31/2026 2:00,51
1/31/2026 3:00,36
1/31/2026 3:00,38
1/31/2026 4:00,23
1/31/2026 4:00,25
1/31/2026 5:00,30
1/31/2026 5:00,25
1/31/2026 6:00,38
1/31/2026 6:00,35
1/31/2026 7:00,44
1/31/2026 7:00,39
1/31/2026 8:00,43
1/31/2026 8:00,30
1/31/2026 9:00,30
1/31/2026 9:00,24
1/31/2026 10:00,18
1/31/2026 10:00,16
1/31/2026 11:00,11
1/31/2026 11:00,10
1/31/2026 12:00,8
1/31/2026 12:00,8
1/31/2026 13:00,6
1/31/2026 13:00,6
1/31/2026 14:00,6
1/31/2026 14:00,5
1/31/2026 15:00,5
1/31/2026 15:00,5
1/31/2026 16:00,5
1/31/2026 16:00,5
1/31/2026 17:00,10
1/31/2026 17:00,10
1/31/2026 18:00,26
1/31/2026 18:00,18
1/31/2026 19:00,40
1/31/2026 19:00,24
1/31/2026 20:00,50
1/31/2026 20:00,26
1/31/2026 21:00,55
1/31/2026 21:00,23
1/31/2026 22:00,57
1/31/2026 22:00,20
1/31/2026 23:00,46
1/31/2026 23:00,16
